one,two,three,four,y
-1.7052177911745439,20.79126664125429,35.887759671110665,86.3244285434377,708.3384484360416
94.18068659846442,8.779119375351316,19.108204501827444,87.32556292214532,757.7555484126187
-50.6583626331083,83.8965146725859,-41.90483666350662,74.2670043058593,511.4416854032685
-10.292879547856103,53.40316767469746,-44.498052945305574,16.03002922923608,339.45471548363025
77.42385542795195,78.05036063807485,48.559186002979565,88.97964379889008,737.798940274524
116.18909391605044,87.85354152066203,33.63823237988072,36.07873758446183,514.6117372381777
35.46593577241799,56.98928135882963,-51.037659618848956,-4.825905134789958,85.40889278441007
120.41970480645857,63.147683452830655,73.00055606522149,48.45340394121814,403.72659556499116
-15.554144028529834,31.604039614295484,-50.201906665908204,3.275907241024129,433.6465645698188
112.30971173468967,29.9535883352277,7.537706814521172,66.30369254985126,782.0176794055617
132.61738908429876,48.067634176925424,135.5492627042986,81.03982968649595,614.4602915838346
202.81271353413393,55.627733330905656,-6.415855825236655,18.026934531889573,482.02556084901454
102.43785377293239,64.44176170436216,62.64164940885485,86.87065416475998,890.5284226664091
28.89015709354937,116.30365640852023,44.674957847914754,92.97940976819271,792.8993634876165
54.49296430800298,14.663366247344314,66.2447036365845,39.07056633682968,530.4811769119922
120.71281117746197,94.223116525621,157.18488602160363,85.76983765193965,877.1038218066055
21.24749828042399,81.54928566364507,-37.02051144996961,33.3662511266579,557.9958536326553
-7.680889632534828,85.49335611811144,19.41361363363793,55.752714078085795,572.9169900727499
-42.19541957665938,17.582940568066828,-48.562114379399134,77.97715744166204,549.1077178141877
144.60331121261262,59.99164495864189,-76.77230145478393,4.073419812274256,420.00888516543523
34.99095853913006,22.164266982536546,14.645171068652346,28.14839640452776,403.4387235729681
-23.24935362242422,88.9159377508307,61.044503239554054,81.35934545683291,781.7921243397839
-42.886115626799665,91.37449297235933,128.72280918384956,54.35924473146389,686.1364995454327
132.74739673645882,54.973223152434976,52.431862048983845,31.234873203157083,527.8637623257371
-6.571807793065524,117.50707740975842,117.10036859284926,93.61391669847175,871.8283358093438
55.24709642874858,88.38758636431513,-38.30055651277606,54.198401674242426,680.5867565672066
110.40620992369804,41.274679362378365,95.92235604209279,85.9067406569239,685.1347460269619
8.901465928179674,67.60326552129153,109.04642212045022,88.85834972266731,632.7799155799139
61.29130167156032,17.80676920041371,-39.08663303871584,61.06575363944539,445.2634039100393
134.98318520051038,49.43401691861805,121.78873626744013,32.20433056031459,596.0189373664672
-27.3065981189011,65.78369586323193,43.89519605457237,20.38091558908711,461.07266905819927
-19.51719102226643,14.955014248833832,-8.27780168625523,55.405734721211985,567.0821034539533
-31.15281863316432,27.23745780062224,156.66236497860206,20.447798628787638,276.12263272702944
111.37955468890188,37.211250418982914,1.0340268944113333,42.043847035898395,513.3891743932425
6.943005871919546,114.68680696951739,37.28800202870309,59.30427047346494,642.8824437271613
36.396871109173176,-22.3002240342842,22.380273359015938,90.67545910534062,529.9563852381086
123.9554786883995,97.43273462563555,194.88897141688523,69.05152846374196,840.9770666775073
85.47935072413995,69.7008079517027,33.07207430198582,12.26095085505619,460.46206253950726
92.49894729983367,37.06990405223596,160.91266896041972,79.90145917164,994.8220820006909
27.98511232518456,65.4423877222593,148.73338264774247,94.38568208022735,672.5649458648816
18.240991405440905,58.084110438605244,33.59896413391059,18.563905036835866,264.5762856977352
15.940700004331639,13.184511367749824,96.52201662037342,26.87920143647612,366.78104108505784
11.15766700167729,66.79730490120957,14.425319399038962,65.27165136405561,706.5546960290056
106.09656944892879,72.1847894526405,-116.46684459597859,27.048459190889588,419.77168484438744
-4.392270361161152,80.09600108490858,-62.7943563648153,87.87183293687438,740.1184889376009
62.93818041651005,5.667056523258818,-12.627049195362858,101.06686644169517,719.117492358668
88.50970563341733,78.79780515611844,105.60473138236088,29.444122857293525,436.9025928936448
93.85578109233985,6.598170057567954,-0.8215616320923331,19.84596968039702,377.8298152977027
102.20842016533668,61.4563617529125,49.562253526548226,62.79046447054162,409.10731597309206
65.31471339715573,98.42662924429001,82.30697274029941,54.16344143241021,525.7152522920079
134.09534801527167,105.40686137206731,78.56298595895595,57.29859154511231,908.6940292941061
31.091929442225208,28.689422450112833,53.61545911697398,11.517700721442443,290.171697887087
-3.2183696077865562,47.083302149679774,-34.23891162449651,57.810499823228454,526.9576265787125
95.29620636533647,98.63388155679748,-33.18369046614912,45.58955585352372,664.0211143738559
118.33478080171686,77.42819297314114,45.28741778057325,56.644416263614055,716.8657161791261
159.3447984772075,74.13999624297556,15.638285599641822,11.383664960147307,392.76071272178706
76.4560140820462,61.70218797318506,-91.94829066367316,64.71562760878261,714.1857710227043
21.899723717553126,21.148071771898625,-22.84944511438008,40.66208706088281,434.1098384322355
23.873764681298585,73.06809832812525,-13.07257135152193,47.33653896914289,265.11637303992916
77.69446283861342,23.10730433877299,95.05059324292955,41.636997905750036,439.95413474830605
12.636001036422186,69.61945527992265,186.47703915111964,97.73668970583637,869.7482253305014
162.52179308370563,66.33147021210537,91.30924090538574,39.069540040962444,664.5672176295611
-49.24167188853589,58.00753089441342,2.3883105900061565,66.11514267775847,683.4562838695139
3.917330023670786,77.71351144307378,153.0628871152746,10.503778875560828,402.5215773779019
-10.929189649077767,41.20448704009461,121.52993791187576,60.33104413324623,568.4391017936846
180.16229455729427,-3.3972420623329387,38.67216476309406,96.95613874658657,883.6450694753909
77.5586298709326,34.93180274698462,160.26471948215575,42.66601209647331,406.58610895205703
78.63737319477781,109.5384188251708,-136.30502451102976,-7.904174036589438,320.39599981022695
-34.21343020825369,51.644110502362125,11.811055097357729,31.265377030344624,336.67594405878907
131.36812666423586,100.4252961415117,17.53586087409611,24.219779324397688,573.0904664364937
147.39843731934107,48.936492999090376,8.374901239163783,56.604556693660356,677.9675266258807
32.491518554235114,37.88900812391466,2.400583714799673,28.037482053842886,497.44662664070734
-11.560354664769427,60.7055428831185,129.07077184626618,23.14803457340555,340.24433459883403
67.48937880024528,47.164429012243545,62.618022394351854,-4.800230562797887,269.03666794092396
84.25187510206175,72.47439156235349,139.0875595937571,60.244743162491474,869.3170419262667
28.980780823298588,86.07086937192089,53.57709742664644,52.61458572003245,698.5574347916018
101.93551991085714,49.44591715667106,216.6659934497224,97.53079928992209,798.6132568886085
-22.550264159950274,8.34426990776538,1.3837637512251462,90.10196182516064,914.184927659757
-27.74660661775048,111.36349639487251,184.87199990526648,94.13649961563583,818.209241710938
10.328039630191299,65.89888523520742,142.68328904990796,41.90259356840171,673.2671592700933
177.3127261485609,50.351732469129935,-0.1761913553034944,69.35859536318794,622.3356227050806
-23.613037307536494,-17.20924202751336,108.60955301429746,25.91520857452074,331.9954799458509
114.7021151190095,11.606844583288106,114.28187974658354,80.0011297903422,791.4813534691685
-37.27536722795844,61.615598817989245,81.53483563022516,43.05159479158082,371.5880339124785
23.148884440728352,38.5905157987581,-18.20535569812671,102.19235744335205,827.0905167250602
61.24985350830826,37.077923122467325,-112.03367879017344,62.85223589362405,557.5382946558898
76.80869658294172,67.72867300180285,-31.309934652153547,36.26328036079703,444.4814281103743
27.600870620633223,68.08621334226831,104.36862267117522,65.42494600139018,742.9820598365534
68.67394147093577,34.54570902094712,111.39197600593457,52.441930432951494,386.0539683494088
71.86377888117595,12.09777245878531,-61.40621292231206,31.63865869536341,452.3963510728378
102.07825915654375,155.91277915453696,-40.6659091263679,38.021644528887386,419.5501327223938
55.033573687036494,-30.700459831953868,60.48823382186242,12.56284338569386,195.92554563144984
144.14624219889026,66.42620418359807,-1.5153450238477078,50.156813313851856,666.1411309772805
100.1259910927377,102.81703528061266,93.75465339243081,80.09888489097177,710.8678563310411
16.785023937345976,37.18108865536418,144.71164760250784,71.76229200444241,598.7743304437661
33.844194442573766,119.31455687623243,28.507560199127838,-9.665550222033996,126.50465472679002
31.139523487878144,-13.161999455272273,176.74082853530766,26.82519527420142,171.06507141353427
-0.4705842149643189,56.749243413065344,-26.060880540095752,98.69729370268465,682.7775882714458
37.862691102774484,125.07330096878206,74.84158724290211,5.0872355153803275,400.7700826920366
-31.80747106327998,36.621781575076525,132.17066605286539,65.68459749956698,560.3147041741357
92.46626798183412,9.351607344833539,144.69092696483,78.79641917088924,657.4063456847713
81.60498263018312,20.643995847066535,11.476340500001157,90.31093364450929,810.2969267792326
18.846475013048405,47.50375969600198,45.23229926725545,86.69723127406426,694.2856123205457
-25.574529595122783,94.4396380250755,15.178576150642577,52.451505374238046,644.630299460609
13.412960265200347,59.003951044989556,-107.8353216050773,51.664935134878185,560.1546523537131
185.96493928669202,18.524116196104547,199.28225023706153,76.12783738239449,823.6802820807985
32.83195002060011,85.11720155908154,129.17202487513205,-11.631544568906213,313.36398646742214
66.65436798157532,20.006661081139242,-18.032831754020933,65.87925467654769,596.1123168298539
1.9196659847435962,68.10051653027854,189.7862531987563,96.20725306929656,652.2639533245059
37.801245002741226,44.496709582317195,14.657552246165864,58.94174420513315,421.06415784659646
17.73349368054079,71.3302019177238,-98.04428374364383,116.25831913360908,734.0599110618554
49.252028342617244,96.98533198053605,146.08310774498386,103.58324383699558,934.1550997404012
93.15153814494838,45.20209336647466,-21.621640461211108,12.869554810525278,376.43047183863547
17.34474179384833,136.4362512210429,132.71410031873722,66.57280294179101,842.8105875601909
145.89163912993826,64.29615960972563,-16.357926617970293,67.8156266396522,804.8898584986212
66.42036853882888,66.5469839027042,32.87892318792876,64.31390781337419,588.4568575350762
89.61248583743543,-8.184631738423615,64.28734032491506,71.65799799733075,630.6480880394143
170.74283217912276,74.66414154139527,152.80546880249895,54.335632243877924,580.9010612447426
9.962947713812984,56.19723401458482,73.84942198891224,-3.9979695745960644,129.514635018938
-33.407034371439394,49.68124014622474,-16.033906130675504,108.75166249722645,648.292180172431
70.60312694251185,51.6936071579434,154.68475486362235,66.09692213172717,749.1223984530438
94.19186643331057,57.58465702240462,102.51965494787642,15.364599252409025,402.6820794258929
140.1363066084749,-28.144285642729788,60.52748212888351,88.7658294307894,801.7022059952374
-24.73721023292868,79.11053460958851,178.4146301012877,74.46948008323155,728.1917857660192
121.14998807945243,56.61555952116994,-24.79521678865173,89.9204664090038,881.2889286746847
35.94292559689205,20.617799285445813,-71.9413406087825,39.47956693866981,470.5776395732324
-55.41026170158273,32.04814251192845,69.69543269802972,44.7762095313917,460.49605272491374
150.70894886698227,51.905687744845935,2.3959072876069625,-2.2357741039347196,417.8749404297911
76.70992111799379,25.79948300076846,34.67739497224788,-12.569038998904182,191.59815832448385
-11.190928887062046,13.671153733211302,-27.967718583469292,78.95290750583416,515.97217373498
120.84362245766576,57.87444390198391,100.84504267053322,23.98259404891093,503.6339741925161
108.99799192516733,98.34337262508203,-35.24376688897026,36.582369849388364,535.9818971322159
110.29625007066079,28.95596589885251,84.30904890328722,21.535520084816945,436.3418642175376
45.55871137635164,96.25141654984989,133.21271319946482,37.03326866791202,473.2745629393944
119.63384165410892,92.12566867420416,90.21632979726206,73.41463171761761,817.2800509888201
27.63868630623611,89.8848522043877,121.57411295442141,68.08336546064453,747.0772019743698
52.23011612301157,36.34414851803328,94.20302965267221,49.915049775531784,379.78982151011985
57.653045499850435,9.423178911360177,-95.63590248114444,26.848843586804996,391.58238426801034
152.5664144571688,38.18972863563866,146.78260303823825,-10.858301944705953,316.77751124405927
58.27658740178211,54.99083760297324,18.089690516808503,108.72721771894962,880.3003663134236
13.217796258234777,29.191150943594163,202.86985334617535,82.71538318188439,662.6327620939089
-14.659624124847767,35.88886175141737,28.214689272343676,62.699899652109636,565.5741749027752
102.69851102587214,105.03016827632004,72.61488057716257,32.62024216387318,423.673845002768
14.304497136512026,97.4974811206135,-50.138565626950616,61.86653020673924,516.2938114116233
37.76507654883612,66.93650193244648,46.63862126628252,52.275301384370366,378.65884120921794
85.78171767852926,41.54600138878742,149.62093058503507,81.09390142312776,961.1191731971197
98.4893912051073,76.56447800615183,-49.85372798461953,17.06810595151575,335.9370449151927
19.492409983824963,-29.848254192350375,133.35420700955544,95.50648732684589,757.4191442421634
41.9403551973297,49.05246936009414,187.02564027442133,62.98476757359475,634.0973519128978
78.6628268184023,92.74348908884731,78.96561464690829,95.67101506719624,1036.1213729923088
60.67770519250224,148.91208230391265,27.924130731824476,89.61431906304459,706.1154945629487
84.70281371578122,49.25324998121975,188.1725804285708,40.523511756892205,562.5826269851452
81.84467524289941,74.71105818345181,-30.23800963778136,44.00990112691997,589.9251874267161
29.269820561085368,-14.252454153934998,76.42874357686593,78.01306052954943,655.5358392984392
22.249824275491896,75.49784183135037,103.94203023664676,71.84976196560758,696.0298563183408
82.72273923690221,41.51806082619536,-42.07855092695268,39.40624743016867,199.69664558217332
147.7546144513671,55.50050729090782,57.48218851643133,54.799690881341384,771.79136910645
45.62917497905508,115.29462061342622,38.29027120122027,70.43478771780161,757.7674938290324
90.74128869003881,80.5719115441165,-45.616419537764145,25.124130176316896,324.3600546635176
47.678620455139885,21.844813092206845,8.176569467498936,6.4055140189359605,269.9983028072525
22.275204386212224,83.21077168513676,157.8436734468237,26.37945700042333,314.46692613799274
47.08138143340797,46.56338630404146,50.88764027805679,57.49081507810104,604.730840945894
31.97804187955896,-32.17680810681236,38.680140744772416,78.67587964457114,691.1417700031207
100.98198565855414,32.74817020222312,177.99202916632677,-1.540529864298406,125.30217848262575
60.839567954689784,60.48337142421775,-64.24626742869305,-17.49569107008408,288.84934719819273
-7.772349915725989,57.80733656206055,111.65743110430309,74.38032064404942,687.876059782158
134.10540470432773,45.28869250257857,183.82549212576882,30.573131604219675,527.7162153851593
52.79602122821079,50.89428542280162,66.44726062723134,63.83272457500734,754.0675260500876
70.60534861717504,32.961326249995174,108.09363066537564,98.87893614840044,883.3912103232055
73.07326346689764,69.47844682573233,8.43519937260783,50.22934354074239,474.6417447450383
73.48113274351073,41.23583517436227,29.810776486618373,61.95768979390922,589.0977044109404
97.19299812189986,114.88592275995788,47.26856550519864,106.86588531932568,878.7079648565605
-0.798283095076576,40.51317848536448,218.4272054703098,91.68469032441153,670.9694002784975
111.76540710525731,77.18396589274424,-67.51836628136883,12.90923602282173,372.237264783607
-18.88502596228728,57.631574346705264,99.87322943544234,-0.06104716747073835,132.33394536625144
113.84721568018259,58.46956635040579,-151.90440507887303,14.128289295876044,438.0953741598715
-35.582024111098875,68.22754102245726,-2.0172983591276505,65.50281266338085,686.3262487653685
75.07615554332405,14.6012658693482,20.89209814017493,42.91483091855001,610.8674004663194
128.0392932517739,77.85296934474137,217.49581933652672,81.19941819971542,755.6775450031816
-5.547684991550568,67.73108085305611,32.87704120417213,81.32311981189464,1016.2438909871782
91.63511198736512,69.2740729213914,-36.32298451358706,81.3407831343415,774.7330048224463
121.14108088381893,15.54229662769113,132.833626397264,38.9236614091848,463.3721535195494
164.34140317725527,16.964226316169373,-22.08278618243604,64.64002850990147,762.903799464262
173.4994998141592,60.4419274503729,212.52301938322356,51.290704758429975,687.6539485958848
7.787816973009937,112.42027990672658,-45.26733253115316,101.70900206862682,781.2887338091117
-1.3982879381027828,97.54386128890188,186.74084773440896,56.627703153594,739.8851959154943
10.096266338003538,82.94992008196483,45.51602142453856,110.98222843079391,875.6667222872543
109.44051330004228,73.1753499192041,-34.09893586263101,12.633549541894618,472.4659824301047
44.20966499721982,-4.872789352261567,-5.015453058415304,42.94449098844964,571.0522299337666
43.20519827139503,65.78447424303212,-63.68957562789639,74.30288808667974,683.7020544435793
124.68536457010845,48.932760416667136,-2.48545404116987,2.983387010568114,432.14497435430934
17.20011899874926,85.95914354169362,14.616367310898177,64.22653213019117,783.7476335504194
29.902195422094035,23.99482769901064,101.42404432713545,51.46705739960478,629.4610497501017
123.63383493188587,100.7467808865523,92.73340301184356,43.98811506272772,670.3988464261481
132.70623204993848,58.95494265606209,97.72241203009477,97.08056046680251,938.7647964251094
11.627904003162612,25.3191401604941,177.91223158624467,87.2203279751605,972.1482129106165
29.03026803170042,43.48169728770389,50.09564254065455,51.417075159671604,496.8398463752287
106.20186814037766,102.87727055523854,129.32979494347782,77.95986439906329,825.6473390314459
-48.51459433050359,79.38769944170045,67.79194891384506,59.92343205202503,584.967778094675
24.881305832768913,36.60342480391973,11.458564088920973,24.645691428947764,355.2152995739623
29.272803030554364,114.49197704168735,137.69704542579328,75.92555190744979,675.8758993811878
128.54296848377777,83.94699833897202,107.80790353595233,57.078669213869645,722.1950438201208
29.524035487239384,120.35899672074586,-58.431076997103744,18.119804184451038,349.888227452377
-53.76809342639426,5.81383431572551,43.477689395142846,66.72222038109865,528.6219877273314
118.8967243276043,57.547461035592164,96.03870356577625,81.77307929246086,701.6806956075911
94.03972714792953,10.673770783578808,-93.6734372542828,88.15772335320739,610.4268299901295
-65.29803587003786,62.309531601128086,-13.002136400188476,53.87505857645114,522.0337495870795
107.70223134795064,-2.3614254047384797,138.1456840223052,64.68940498263333,733.598992482148
90.43425439224602,43.9693612227758,162.07318991375905,41.92616917035303,599.926331032951
66.57494268356729,79.26338459438112,67.97670883435761,60.444885101738805,666.5399256299917
68.49564414845254,-14.640254606256367,128.42550295179626,86.39409420838754,784.7277974342899
-12.241460670733488,0.2723763437188951,27.20813707214298,19.55453655453491,222.96526115120773
60.34680507461394,68.682108720186,66.88836867263106,100.7072003994601,832.191785173018
82.50888404740454,68.6215091596995,-63.371092747053325,4.154990042306766,397.02626651455137
213.52875437474438,116.47632695348648,-31.040566319789693,35.9022736110147,524.274545585747
-40.09060840093033,108.44545263935828,53.38428679329394,54.36495024777504,656.3388557422351
83.37948390544672,76.13664422988829,21.999236387008047,25.745160641939147,351.941555431295
72.53789909024263,74.45711990016304,41.68716591758161,61.319178406552794,812.9089403031417
53.81238861931613,81.81912752709948,-6.672139184578995,65.63188216030183,777.8056106519978
43.314370192837174,69.66853918036524,-23.164890679119594,15.09433172261488,356.68082616401387
122.00856878372326,18.294580528284225,-4.938715648015648,23.553901581534745,487.0282263847389
27.71198092313834,17.962755432795674,201.1240400263335,9.406725065381726,183.45209369141907
101.33065560630405,115.80465971964847,-113.27069522825249,11.760916161829671,377.7352934042663
50.53019686064012,11.651030790683425,82.44096073602307,103.87527004826352,936.3646334355493
58.84400408328297,112.63639067589631,-128.89536197082109,58.56785724918135,734.6212977211611
12.325664105948057,64.00045214349463,166.07055769786092,66.51637874114506,732.8821795893508
24.43979086159765,108.8355312190277,48.833309428526846,89.89384033891888,892.5272802422909
155.46483818583584,41.541732539208645,-16.280148479291192,29.773330591698617,488.4254592680958
47.06430467341236,19.140753649442583,-11.409092046445252,52.23264489955191,724.8907823549135
88.22676397608353,76.91679728884833,3.1020269462679693,77.04849642927473,879.4530457302399
-35.84725176039096,77.93424958175459,110.16544880195812,78.33309807636591,593.5098525573949
-3.6390929326082873,39.695000857647486,216.02648136578688,72.49096007315877,693.6686002724251
89.25352226607957,86.53506870673495,-35.53966213004391,66.58094359306115,867.8675645348555
40.337193698940865,154.65822959522595,56.565615449347135,96.59282795113525,794.1730513234295
127.64865473789513,95.40802518573867,180.0799526407274,44.56466646138937,571.6664525247234
14.928374801613256,37.935577718293175,39.625140587310696,59.874110709878344,527.2793730962381
115.93690963366463,43.25452710349563,26.933265776155388,62.00419394233637,817.7583229727002
78.1035703631419,78.15646104632881,63.798579961005004,29.148865917568134,543.108364137737
-85.04360362275449,10.51687933256525,164.88444264289404,63.56411037018253,528.385863225008
124.21604726217794,60.127451165172985,13.307651256140735,16.938534767215295,501.79832687728697
107.12834343201988,76.04575501795149,12.024061623256607,74.60653696594508,828.9483462054079
58.07998865800673,20.320995435777025,-32.88951123272106,-4.966938505620888,360.97742251443265
22.880974112000708,52.5644715121179,143.8210658541271,72.53319782167648,809.0698970216295
114.91914212322064,67.26621353337812,-27.571845540758147,21.342384706504014,399.88004508158906
63.88868493896936,130.67267105880035,-25.251139590441028,-3.223585521454769,204.61048332452563
18.378999273751678,66.00377847632373,-85.25124262637326,26.101940753002218,294.08157930317446
85.72289517362447,10.999082038136777,-1.517134006787547,10.21123900467071,309.78305227415717
54.677941631543355,38.12390424573969,-102.12408611856337,4.0012402062279735,159.24268057472838
22.826020995749424,84.12466501627657,115.51204710861906,96.02859662125798,708.8719409785882
40.649268373132635,43.2081492324419,127.23047785160384,77.98678917539505,875.5891223740412
5.280670666272144,20.133639327737196,77.90343144563249,89.01731648816948,755.7998834151344
79.4036828573036,33.1957786365297,106.52470792866828,32.1736962806049,605.0667010287838
-24.979428307631814,68.4747499172519,-3.792240477341082,81.18459700800891,605.5607346628384
41.594726336168634,40.847530009489084,-24.04408428096022,90.11886506025992,715.4503769590499
131.85609725010167,122.59143923561675,13.90900014503682,53.28216423012514,730.6152712971457
-5.20466994820368,63.96954273194648,159.40284322889346,80.4350388821947,731.3232152220977
40.41282687121352,31.58348597601237,151.1800176513643,44.41930381559029,544.8270819332403
8.81044927874487,78.57119757593635,96.95888415955955,75.79321578405285,724.7278698786796
108.8131489242403,26.489053187437968,-122.7908359616188,31.385573925073807,347.4476147270799
-0.8941869596518366,93.71285593183958,0.6521389206885431,51.616488345684694,524.7753047523764
56.17942705234664,108.62291078372459,118.99495379894869,75.34901740707502,667.956943521561
120.80496976948733,61.739482537033204,-6.373077883765141,51.03667059864577,320.235822616845
90.83733944756278,20.019361081350695,113.46749538895531,26.685591496350778,379.7829629599083
44.28352846625199,45.83677500858361,85.99401769807373,76.67735820660721,722.7178454016295
-21.320852067591545,47.681812967954414,-140.55196539511851,9.491846791253415,336.47052941750303
-15.092552701448255,97.01842587229584,-54.754136331408624,62.56058728130486,620.741074942378
93.37680015620336,17.69662118891324,156.28817681980584,105.66852450521583,915.5700215998522
26.216852016063637,2.1911375439164367,51.4921768432229,46.985034390452725,468.69513091302576
150.5957643173973,-0.799602637372959,-92.51965655390399,35.032864198433245,449.7102845934461
34.72584862069489,77.31195653855278,-77.43331557756896,102.87969308292307,859.3488688433879
60.34041455983311,47.88314957055906,134.21185441426292,48.50910524212048,347.4922335709912
98.66897873924906,15.715616915165752,85.45728641329082,77.19829384188283,929.2888426020717
59.742494133461356,50.889864318531366,133.92887491776617,87.2109519505937,830.934413292202
38.00087659541241,34.940958908423355,64.12567702105073,62.97852097466992,582.2701505710802
13.825566836223857,70.11160101681402,78.39380493611822,87.60229278682029,662.1630154957685
20.82032241775252,95.95410194827829,-94.53082927648255,88.088022714494,833.5371151318186
141.97349155315203,78.56007592653509,184.09303071108036,8.448666417084466,421.75293886055965
119.08045752760003,16.721892059877874,-5.130652066003641,16.911867370188865,385.2590043790864
74.26492568249155,57.58978966935065,43.17271664320302,97.02671090632398,893.1301963064562
3.5377500637062482,2.6793616167656076,106.03339827843968,50.915759006705386,471.7372639358175
91.20086413827607,37.07289771227251,82.4814303687334,54.07170309691198,738.0952456615705
5.586938691689102,96.71127074006837,-34.968919001603965,65.1157912622165,641.4105413309974
61.958159365988685,55.447478643667864,196.27700310855943,82.19595507124785,685.7788539686181
91.62223131604266,17.891283758643098,45.250617186026346,71.77980953666416,625.7097156884226
-7.043496672525222,68.52981999296185,39.61275716344729,51.72067256050918,557.3762085367207
192.86557715157554,51.41669317711187,-11.824723297864267,87.24400506794846,728.0041449858905
37.18190793406596,45.9328105300969,80.13282279459733,91.67146683440517,699.8177048696499
15.840456020501271,85.88058414510654,-17.81615347622636,61.415016315635164,822.1860964725001
109.94319172545241,39.37502368295253,212.21144696832906,0.4055811103241891,220.54258965205375
51.383564136954355,67.98179198683924,79.30262465390254,59.49382141700042,740.5990338551344
36.88272250346574,68.18800390662597,117.70748289598235,93.22938081498042,884.1635707124451
36.40015759190145,64.83140049555392,-96.74031178919468,-1.1117556307617136,141.2176126389529
-1.4143699390595703,30.755105668349813,147.10519175553486,37.86915163483683,269.3032874340419
70.87519369798113,54.277210139953134,57.57230839636236,70.09542109893394,626.5699410362241
70.61148291520807,56.63193837510307,-61.47470346577144,46.06555378976975,573.6237939473403
143.251635690466,87.87086573962975,37.80996205929484,23.26491886415488,554.9182402094987
26.73684527496483,46.966172439638925,11.744975323081299,50.74917859773562,469.8692842211726
29.922720916426496,15.01117495138136,40.59086995109605,17.387727450579014,382.1548470039779
48.93596351932346,51.59007741503149,77.34517718504596,38.298459556073574,419.54650234920786
42.18800914940468,40.32056109674912,-20.529458988052852,45.85304876923133,590.0062348172801
43.1266594837191,-19.314041204856117,109.73738291131606,40.99939084466364,313.2872987667992
43.378736475094,125.02566303203372,-150.03154295734535,74.53989490545142,784.3320299254829
20.120037990505615,36.149982231667224,152.11553067403403,30.26899626151804,281.24386268593264
101.60056142837765,72.08626516391539,185.13172619312118,95.7162054151209,994.5535895550834
6.4783042201816485,70.2829341350119,-127.56312482729412,14.365838293971219,230.60233206193237
52.26003013923389,62.257176267369715,-76.30343293676023,64.32573939052041,713.5560347910732
63.096522020661055,-5.248593068412234,107.37827644213954,49.879674355036286,709.5735178979364
95.19528676526357,66.56453168965541,172.48380602115506,78.66945035935194,756.0090696407117
-36.60500190499917,-12.80430290879208,97.81337715899815,62.44535733127866,674.0644554898265
-78.06386374135627,43.327896120341364,3.912529383951842,35.72732419771806,464.47923535435484
172.60574339264275,48.44783951089005,106.79152984888262,80.99108178928049,952.0248320439625
80.16027600067589,102.40304695880376,13.611158598674173,88.11800382056094,857.7596232765286
35.26122824696678,74.55483407415906,17.73089333103301,25.650450194654884,376.10463918133854
44.827008606889265,59.54430124688983,-172.7257520934,7.53249235147554,513.0629655814322
-3.2452210867457296,30.74363716535747,-146.58612085421737,-3.737239895879611,304.4861141742105
41.873440359301505,8.689583305366714,48.416286038848106,74.91993043496993,665.4729988509844
75.04957815977333,49.5611099247419,58.32645112606446,12.920119884813584,392.3123536491236
-39.17406645037504,-23.21829501899699,108.06678379791778,65.36316638971833,631.9268005009554
97.89893500454679,67.22161328422021,-25.73265555359282,55.30364957186518,598.7234127769469
60.50288287492267,76.91491474069649,183.6432993582573,86.96210353291937,745.8773857012151
101.07455424387254,60.2434920862824,116.97816741602784,42.991828994154,683.0500327073023
61.87922068936828,78.02005580061893,0.11805574593243406,35.43112095339396,349.2246429492332
71.39517374967659,99.16013874311608,-6.574724553215955,27.932345659796013,408.6654455806462
150.44213910512775,112.62286438639688,65.35455639017171,47.97625595868089,615.9591689252617
84.60170326175138,83.36797788105612,-179.53593165598573,57.46416382524593,749.5156160419612
-3.5189229314631945,67.77305028450841,7.525244620847417,101.90040262877403,879.427984574356
128.30973976321263,37.939957841210955,69.19339959759898,25.22548659023089,465.2916474544446
118.77631279562144,46.39199955703597,-57.877769633186425,47.55286417587031,513.2532454210461
20.395671750120584,83.4156443835232,-15.428034724392273,27.375060802718068,259.4977883433436
-2.5901997058488995,57.299512025843626,-1.8289151031058708,117.28918060652616,781.9631741059678
112.49671430945403,50.999680172118204,189.94849903661748,102.13894184615341,977.0431391935721
153.2061111850004,71.48701333816354,174.85347937283802,40.678482950767616,574.5820583618131
-75.66625589753694,23.94212132280998,29.77368645953125,30.833636873963897,327.2941109358648
-42.269956259492886,114.92503712610387,103.47752821695188,6.993456959184852,184.99551466257492
14.772164014190025,29.05030566039303,115.43005092554405,46.989353217115976,371.1885136205989
63.62670317856901,62.3284854549325,138.67188657052156,77.68823047390501,666.6321363512293
4.302517396254527,66.71856514622954,5.378348727334341,75.95414879040439,697.0852653401332
-70.60264156922408,85.1936445641389,95.54190126786142,39.48210984809522,381.86204200006057
109.44867527591947,102.71956658627708,96.17749080640324,56.65645208130046,654.3242133672671
-24.840485502743718,64.29605850621984,38.49000825572605,56.53549503435715,705.7954204392123
20.509182050661536,92.05731304996053,60.8131656706059,82.52532020852283,907.1352255979091
37.24158216230095,11.55329111759849,37.917325315336505,3.9771746230788523,273.0524868619653
148.15490203848472,25.729347095596488,32.20259597397108,59.28076254364788,691.6063004081623
50.81378893666054,7.253388828528708,-34.10514260816833,61.57242733295322,612.5604565533026
99.36831854373966,20.28884849057021,75.2053811993309,32.91578136510496,546.1449423869954
-4.922863506709831,109.75889400759995,85.77358069504297,30.16724746425197,589.5748874929615
18.301699221271935,13.944083597904292,36.72322366771954,18.675210177895398,191.17652723253582
119.64449594950585,75.32086398129633,30.463614644875562,63.84752468233465,737.231181817826
-40.83232030567942,22.103526496115386,149.4956918786136,4.868385536187741,211.4335551407059
41.26125756122176,5.857270925223329,236.82981873719314,74.47989068352427,825.6838599989953
136.95776973268036,94.03594544151366,41.07532153275539,57.099024181980596,572.6730812627853
107.41970283590899,85.29215458285697,-49.70888834064681,36.690149120737416,449.11601436684
-2.5203562097878276,109.57762933331082,32.88835880289548,4.927903671439688,231.11532438606812
125.79070030046745,-20.509065827609124,218.55852698165359,81.74801035686629,732.2443460283072
7.041567167735948,74.55813731721992,79.4773429870974,95.77698969097283,898.2525079779573
56.92813619930404,71.66730568566891,7.437242007397781,24.067710535984194,407.8554930086834
150.96171265994988,76.39012926145708,62.20425467632593,69.20172052071439,798.8985403350043
92.68283975434812,60.279447171012464,-4.524584548681091,75.85994413841732,912.2681330221491
76.60195036829276,12.849396565744495,181.49624727632647,44.25170862410276,272.8827489426012
106.77063870961643,-4.732480794370237,145.41292966895224,56.35328972578922,528.3460225832474
48.53616946965001,8.394709915235751,144.76646160453151,85.43168080198244,641.6439829737692
117.73958322798558,60.995663468193655,103.02194491618005,53.48944115642346,723.5760901488641
30.645814993655947,43.83361866694547,49.841245459308325,88.6136898817579,677.8598345250058
44.401650801693705,6.84811750741091,-106.68842463424335,4.395150909712237,170.43579627304575
23.609899229892925,91.28155762746192,119.49229688589628,80.47898757019432,837.3977251394348
103.16779427207422,46.382823571167066,70.51374169728217,105.49073727752342,929.5003160843894
118.87627508294335,27.97626947577915,15.765907888934834,82.01936915726405,702.3360274677649
93.74444457033016,16.197474410000407,-1.2340199460301955,10.437245284463014,358.70152525906593
-37.949076425160854,79.36556911870815,163.57373102014728,38.629939238119604,491.47628931728167
58.30446086713385,78.60595852287423,-3.1838102917948348,55.988640492846095,649.5914336631527
-33.59509556795501,55.24007600322116,-106.50274674171098,1.7625859696823705,167.05838813989504
29.567702737113905,70.00098630158665,109.63169108678575,29.100778688069685,395.36923741345225
114.80017267746763,80.20622264417028,110.22178336692981,69.81544840147914,687.4375053086841
-7.232982716094139,25.09621204945153,49.77963623093136,108.18544215784529,725.2434860593783
-0.2940549267269823,49.36976388208133,-2.765065747137527,69.27532650757163,554.7747999468747
29.132003900509897,19.035100826379885,28.333368921906484,62.77377177194807,594.1032727522447
-23.376400214819526,46.10930136438837,147.15701696691923,21.073428304495458,455.51973898315464
41.858399946406884,26.072277604659124,57.00109361436,4.8054571547026725,326.0973929213305
59.49591298876794,96.78915913722649,55.94972463559116,2.1230948777098293,175.79052372203046
3.714560629898287,112.205537755636,15.824525994836726,78.59932362300785,892.1739247831877
-18.53740449073695,78.95783242497201,16.115111375699158,1.469415488207615,181.2452259158061
73.59653414855991,51.67309285508857,73.0198529035907,78.24160124948256,995.6366424568982
69.15993143459963,28.488521077223194,-20.289551336281477,79.0008643539014,865.4574769580386
76.7783693409392,63.85338654896613,-14.652299103124662,53.990600939828454,868.9944347610157
14.551239833630712,26.868101980149262,52.53275252929794,87.20203667324927,731.3408349426186
21.04102705127248,102.5774284831461,-22.803664302804783,3.054871976085673,348.41835997388506
48.062091708988035,0.25646901862925375,88.89078303958532,56.62658908615413,584.79726739832
-7.462346594714772,126.06391567578325,1.6904214315596136,97.49841996668324,630.2711606928171
78.0795333510838,34.40480743478811,55.62832017616483,46.301317442020675,454.94673477025435
24.095717559850126,105.63226342962777,111.51735936091757,67.2725342638265,614.7648019473386
78.79683160198219,39.33282938516816,36.648488424877144,41.692729739198924,633.2553382014291
51.125887017375696,68.15990573870702,60.35036314440737,84.99642522165374,762.2135386012314
48.01651906426815,70.16094946596479,146.33210529217837,38.67200915951617,443.56526873634033
78.0744609035403,102.05322545386989,86.01933852767634,60.55233584051389,541.8691434115997
66.22104909658788,76.4542330289674,212.88872186409844,68.24021564483674,702.605438439911
96.9175659365932,97.08679112410076,225.56209404361954,88.6408890769533,992.3412378511769
-98.4938365944792,-6.385015313992163,-9.703191736134222,41.98432096405118,309.11125489206694
85.39524085505147,1.9542979316676838,36.5553690096915,77.83888921593405,686.542629580766
115.66051135330153,54.2242376475253,33.5824729671822,57.79063582562093,786.0342112483695
-121.7120024062589,-1.6125349314146238,18.89131888675075,-6.409270273225505,91.38512937693051
145.51330220892413,29.77741527134447,-14.225468409800996,52.63841812676769,534.5762828577042
102.8684054070659,87.78397728151099,125.1806776227053,11.933475374349761,503.27999895886546
-63.709806355280634,91.09024638766005,93.616057204192,47.034576116403294,460.6916783979983
139.90831075389474,63.21041241198564,103.54834940566779,91.1121785542494,864.8071536665989
96.48766998395308,14.209583720799284,58.60394560295613,67.17844422948447,602.7607187723952
62.95616044946854,33.95911236326906,40.63327877427776,64.79236729526941,707.6636244913734
76.0619778188868,-5.616920581752286,6.202532615378841,14.014538841151541,399.1630263608659
102.93101027406465,-7.956562856538978,-44.93925315880081,34.869295841183195,499.5736907963031
-5.679404034305357,-11.754272596116195,72.3002522131853,73.82186542016201,576.3682589340993
42.75674025785413,67.88689027490044,-192.78547108470417,0.8349092455606097,408.58715706112514
90.81111193980524,26.367374942250102,9.011165867375091,-1.7143247613626542,427.1590699771136
76.02728259814319,14.840234302962244,198.01325034557956,75.48832655528676,582.0836396543106
52.38401445864397,104.6208211321072,124.10604705841187,15.781290607619756,488.1787534881389
-13.638253580464559,62.84851002175322,40.9854806831113,13.631706561401307,149.5492143590233
-2.3081654414997885,94.7038424620938,28.595275117989175,81.52479257303709,633.3935313317611
44.08870327585312,79.34696281529195,57.699292858080476,37.85200101130082,562.8205585526237
156.9160062791076,53.733483872501964,111.98725887222193,42.69671838555619,724.4752370164676
19.288618121835583,92.21453763223292,-1.157201450692348,40.4861906332996,417.4036585437493
128.54744296077405,35.57828445703443,7.627252699581205,13.797159441570043,185.5607035696153
45.270588990885074,67.37320347955385,-87.18641508682664,32.49119974353781,368.0765181441086
20.139728669426876,19.24066024888821,28.988157975831996,84.57413609337928,652.1004538410734
-40.89807828475788,86.53591615302577,-53.60124026844355,34.35060336923733,328.3186414613466
177.83667440675492,67.0537155472651,16.615423303792845,74.74299029462668,751.8811126521346
23.677000616454265,3.3191757041738406,32.85389372911558,2.1937530036754636,295.94172998855345
28.87500048385483,83.21368597368621,-38.056449626127915,100.30050041920937,901.6774649443707
95.18782709201037,45.625117493696614,49.26528437560499,2.9755064056344325,307.9835130597978
59.0826452123068,34.75190483683536,119.51106203761731,78.63536805566778,741.7552284133951
120.79681891460754,112.76233126800611,81.9004665895861,32.97097612097114,646.2912546575748
55.8391927258019,106.81471389100123,-20.687344742972137,36.37690348732548,650.1223063712822
122.42556964245749,44.91513522351984,150.45641434899258,19.322959892240558,269.28537600254737
-29.84097854123074,58.64366951865769,75.59084939325471,20.479540571886467,453.4782616799898
-123.97641688469395,41.05862221666021,-38.56561233823738,23.60177408781959,272.8713626233108
-1.134656662810663,79.54077484985618,-8.780598769797031,10.679047626783978,319.67606006540734
43.07861641850789,55.806387819431286,-10.97747401498654,32.61584876093784,453.20949392714385
77.10751237443961,79.09213543641808,137.7905134386869,48.88507123481983,630.3745766102891
23.415631071002682,118.04696662508057,-35.4828360033808,22.093323895592796,456.45993843609705
83.91992635479498,61.08711717314165,140.4914652455809,62.68309986572137,472.84777145512203
82.0337601993734,108.46529702059749,101.34143398280185,70.03123560382828,909.4052007010772
-79.00881420722669,70.78133867341383,126.41163005783919,37.53149244760472,295.3581817920616
109.72975444252958,108.6589064857936,89.13908918141507,85.22663167153226,901.6592972412502
57.305596443152155,91.66772897909246,-98.41645619469945,95.36173082468167,1033.6631668988484
11.561940978141308,84.90449661738127,99.98891664805845,43.922987533663004,526.7507332143365
154.95196426603385,51.144046622045444,14.272281942955948,23.921453483408282,503.8528213590571
44.99600788533643,37.44462725006202,146.48297799933613,64.3274457228579,581.4341163303149
-31.33145959455171,15.445659910989246,29.626113025867387,33.105940114678354,246.49123581698797
2.860868329212707,105.47939183972107,7.777340786155676,59.26791361204188,605.0263508245297
37.26051379197808,68.78833437505975,23.099496899033955,40.55525700397287,408.0541530148156
-7.826850034244755,53.81274157839916,191.36653609796673,73.6823709034629,672.9658032182983
-7.2099495490105845,88.78739566786294,8.185958007528086,35.63914608940895,393.685790926767
41.60495994315615,68.46923292393643,348.0953121523895,112.83335199776893,1084.5441889398571
190.28428084355352,67.89106344118588,25.856858926429368,55.26158826317005,762.2103329338076
89.6523200434574,33.532665242859736,-12.209718692709814,48.84434878587713,615.3721407530469
102.19923516466767,94.86065562330862,13.681712043690156,9.428120925501169,187.18214268328276
128.50688600919221,64.07247534827388,128.40288447726346,79.53275561009181,799.4686494353339
87.92628804803604,101.16983700503103,58.3691283145572,33.05859595132339,513.2053231171243
-8.144372755399417,42.305394628353866,-15.250146674783878,49.88438867250082,468.54642226987124
58.114204788584686,93.86044453091668,42.03324235380186,69.70054501857913,703.8237679521847
51.29083684499503,31.92868781520398,34.14973615055371,65.75951404501059,700.1509485590377
91.81380944989232,30.180869533732288,60.9084474840595,37.97240585740124,427.0337521881821
31.77989021175463,15.209249491351338,195.307887221091,41.91954724408676,397.19624179262445
62.761404983285516,49.42547963077577,139.17507759633057,55.01370718288781,577.873906403632
137.83770113711762,87.65822973556378,90.11804479948064,85.94833273785271,822.9482592061313
102.49212554239993,4.273913910174134,115.05529347049398,60.55726019203608,731.2966165110271
46.3139811830586,76.97061934434436,-3.1013237339571234,4.7743304866133585,426.64200486654096
63.65325056727245,-0.4816935526967576,68.05256222940349,54.15691874246093,465.1154105319991
49.02334025517958,77.18065529043123,61.79434830457564,93.456703774264,834.280240132703
120.33258624425952,39.25373396385536,-31.07184161613796,13.65341253253567,243.4130203738623
66.4446062138431,2.6598009905695346,64.73859004969538,39.23427636682467,581.5061086704177
-14.942370059868935,31.77415850009449,5.338891735997102,49.01644187698945,601.6737997986581
-6.720866080814659,-30.96643961727742,-55.44841736580959,63.10599116993623,677.6818352949767
102.23920324246572,54.46990771918058,95.35115939800863,45.42833900824045,506.5105337510901
96.83106912951916,42.3181877151803,81.5416583791584,40.612675075130504,639.0621285090501
180.86915181046473,-6.8811370225818855,16.859070885017744,61.22969565592417,617.5828333698634
-12.57050234046186,104.17603787599924,100.54028937744742,86.89359338104137,702.4396836341826
97.85163915199067,3.055493301800709,82.49459433456228,13.836337442218898,244.38120976243886
43.97884705598421,64.68427063867215,76.2085792664026,94.11764120548136,919.6512459329336
75.2533287203837,93.3799057824588,74.30329438614723,26.95336151665113,264.34803646252624
4.075360531305533,84.60515744905742,90.69424698144933,77.3119706808991,549.5420742282668
-21.194629737218506,2.5025911741057354,117.89385387983933,88.07115302978924,684.7343311328387
111.14781078644239,46.997959095852195,22.287001619172,31.599206229610708,475.60775785773615
86.60788720235824,29.372817290875894,99.4372396913902,8.834272114547225,158.56977807651762
45.579378515746896,88.40803548242219,25.74479870214028,3.717117958040471,203.29316707751644
37.303613285284186,21.570275744288956,42.43630487276312,7.517828221786306,220.65775676233037
21.251993876532733,52.573332775257626,85.61427867358101,87.88723455262263,767.5580666204635
-66.2956465076079,79.55455830099216,-58.857489871078315,77.91578360449145,602.0314162377128
0.5608814677667482,95.67771301507626,53.974579232593385,68.74379215571257,713.7727249485665
102.10019597059565,58.23372844747668,117.36066526482784,20.71782894857956,262.3576673034499
93.22236493219057,50.77020745121033,34.585458166686855,77.42336023092578,670.3547815442649
16.025141555662067,90.01118562193201,-153.1738477699907,-2.970123763933456,258.32485895800687
58.604098685862674,46.73833407917075,195.52231064612806,69.07073898350455,858.0649794446265
-67.23075134183821,94.30646636958551,30.285871888697514,33.941781470846806,327.34732758678865
94.91869826158441,127.85677960329514,133.42703954727352,47.06477738125544,593.1740629708254
127.90032389964531,48.714569707531425,27.745170202050026,93.98334834091754,791.4118858776565
5.432628610491548,63.885206637933095,-11.410408261624383,87.24447611084969,795.2278195542405
166.9931008874135,117.84035716398667,-43.43477735430904,41.40109118639704,493.752462879691
20.05117844129606,45.19466235439653,-47.94287380462397,77.67685120893731,810.7558707030654
134.79198382155434,69.9450846316732,61.83477347267742,50.87937524775165,762.955504571537
15.322414897007008,12.215280067934959,165.54036453966083,28.226766204864475,304.1980458066112
-70.95801168879291,42.162652747429156,8.150778457247064,56.50797079600808,351.331406796653
33.080053730295745,38.15598898542363,50.13235341572984,12.802620992171718,402.58136554560735
91.9780252890287,17.927379584455885,131.75698778527698,71.9993722539024,920.6414611195207
-35.73917215390434,72.2139804473706,61.218333220773175,59.81561407677361,452.1284909901202
-24.708868131882355,97.8341986337014,228.68188296552694,42.42604407060397,521.8556809756913
107.43905637315484,-16.03602944004691,-71.95147419316207,-1.5616608911172314,390.98474760336313
124.88967102249094,121.83088580467553,15.514470838720866,-5.518202978654015,345.1334603518497
63.88842267778014,91.66558470277164,46.827091124854824,46.34862524494951,550.6694854010186
104.8022092971955,47.68166174752766,101.81843290697837,68.88454927495616,646.9835783060387
37.74870673768618,59.21176067187841,16.21732620759083,66.83191528935431,766.0681907956905
79.12254262187072,44.842656174549845,168.94601299419935,72.07937940984726,715.4011873884189
43.88272708768399,38.441041023062276,89.3441408900141,43.977472500610794,424.7346372911105
78.94540936904036,93.67999295814238,101.61775705714045,52.45740398392847,490.197987553806
-95.13283601353294,95.98397196458477,24.885262850831587,13.902840781872257,172.62676168265148
70.59991338854336,5.631757829018017,73.67018863999644,44.52717634965046,511.582794135085
18.359532303937762,38.253134694431765,-35.58800650661717,0.36413158507981147,81.02088029516693
80.33418649185549,-26.556697672778682,218.13775968074026,39.276585291552514,580.3752881601536
-80.34736223700773,3.740863818790783,140.91178578409975,71.78429627698951,575.6789210914233
24.999551216955396,35.594651286501936,12.954820205922438,45.971312193981944,555.9658173635233
-17.09986087109513,19.953711919126544,178.4179142118764,80.24349240994793,766.04192948735
22.869949401848807,13.893793551630175,22.32732185735146,6.253644970295168,342.8022895367505
38.70206348296495,74.95312925954985,102.05891667140291,51.918881912465956,585.7674156463572
27.347292757496774,-13.20164663484206,33.11292831193248,4.930035233416281,202.99564407912865
13.69434925547056,84.95849957146784,240.72564235528932,87.41108437333,791.1825301214276
31.131825241848183,97.32353406082328,-12.08634140059413,54.497798318391276,555.7464329190992
5.03008648278923,42.76207819728563,-109.63362005186632,82.59381527940924,942.8802133510094
122.15302286137643,119.95955923935499,165.19042291194881,44.364106738793566,550.0084972291029
8.108341104245643,-42.89141211319961,137.93196311927107,38.01887382345414,356.9359757022198
78.8838447971894,28.16186973406544,71.34259241750385,85.28160219752436,883.8952614514535
90.60149086407182,16.393964419231423,24.26724918738058,-4.082375099438009,411.53667269381987
88.69800639106583,101.08346115797488,130.32594991595806,58.16834898008136,877.4410536260742
-64.81596706873327,82.83884905636631,14.625914295803,83.13970008108912,664.534566346429
81.56220761421937,81.40552398713484,40.7930287253033,-1.8428460695995987,392.0878088405975
1.6864352280968173,22.269618963167037,86.12358359360445,29.695577446808294,313.6763894131647
90.92158686171742,25.47958340501882,57.02390177929378,16.77441636082787,512.8179150543581
18.813212500310424,65.32808556820584,49.64376219976527,8.146687948143402,186.93147015342234
8.726600383749599,86.80811863542196,21.18391779048597,22.50403836372965,146.56451365912636
37.88008788985063,98.27183678574663,95.35102373363391,55.41022483043771,480.5136728549988
99.27041957757359,49.5084236436536,2.953222157403367,76.64262936816667,693.3274566562212
139.65937213134072,91.73026496875487,170.4661015006208,51.686950411887274,675.0601609336231
-10.708348137593944,61.89235047825798,-20.854878824155918,8.91222209230665,270.4079213486029
154.0671333277516,142.57748803337495,143.09296942170164,85.33365636951179,973.3637412240123
41.61666026164877,6.542162441074666,64.39434641926721,-6.724114949669975,70.04500000435998
73.29030319267805,72.75031726504763,91.40625062119949,79.80868681663593,844.4607435919786
182.36270275532362,29.54104182325205,131.10419719323986,26.07750132251199,450.81477252429306
49.76753229288229,-10.71648111387583,56.18158625805435,62.486279878196726,613.450245909724
62.29742079314252,21.572324734397547,19.250785933980694,46.26440919025315,525.1928644660968
125.03127024955123,75.91561367979268,56.24895462854408,32.08054660103128,557.9146904224584
69.2776573975377,26.413711294553657,138.64233033787264,24.981772133299362,334.7296706342273
10.119026768846279,50.1803004166432,6.247721542711375,14.502260984123605,359.1678505746157
93.62286915793604,66.33319665045374,215.70281914628413,45.4200725469575,479.0941543146112
-31.964012132713087,86.63657981242585,106.06312671024311,109.1471670337272,757.3763230050695
45.63221797645099,44.47205802163787,48.430289940896714,60.92589403484557,660.2791710254999
44.19176438341728,44.02338792500715,157.23785973432717,39.95400953775776,443.2586208194619
68.88025469970022,42.49075838410802,-46.51737689861696,40.05307686817693,491.289975440081
66.52144067717921,-2.789142503380461,165.20214711728244,70.2771694744432,646.2994731318981
-58.99263833482889,92.82767170897371,-88.77245660989604,34.763892700753516,318.32335591499066
6.568981479682739,81.44527668856232,-23.019981125024692,39.52254668585763,454.84273549133184
-15.291081277067963,-25.447521370150675,66.78358311731088,2.3311672250147133,171.39587217971808
67.05562286120986,0.27748084719205934,165.0438510160759,96.75713271251752,914.7364633046524
88.53919755655826,-1.8899976352916603,18.897729253937356,7.693665961020528,117.44214957916424
100.01166404256617,46.67779003237917,17.39739162837151,86.37195465727741,823.1870197219519
30.38055923077797,27.928788610122826,61.018161656499835,67.00853631602098,489.21778144499655
-91.07542011859711,67.20582557295154,-0.29963179840489573,54.30428700949298,441.96907183547694
100.078793846365,56.16138801086843,-12.900690354928692,42.969835077314144,661.662211780918
5.2725148369203865,122.04208654051095,-73.87644002883003,76.08999102203195,809.4873489890085
-49.987803768507135,13.770321095399062,-120.42293461042863,8.479534266285125,47.745212295082304
25.60747921063968,71.58240689177305,40.123909834785124,45.69556902348606,474.37541269507733
119.35110676481304,97.84648876476686,72.27333347597188,41.577406663768265,622.572240589163
4.428731483246125,76.2941731607237,117.59519744111712,77.63905071373689,902.205432726157
-4.457027644636298,31.91596822672011,95.20132362007598,72.25380159999673,703.4708398141308
21.743260277287852,39.23389334693901,-13.091700261298612,42.571824996059426,330.2984706933272
127.88411253479384,13.863693966890724,94.75090457954711,93.88763022359537,909.3404934974164
112.9919017425604,46.057386691552054,128.41571607661854,63.24277824378853,686.0137855232075
65.81447905801784,40.56650202532172,-38.22794456502665,97.10472184415094,678.5228247025243
57.18873599669122,51.55286813752005,97.43492183354385,32.80516647157924,474.16984440857453
26.765409484073885,56.567349011932095,-28.44965042439742,39.687947860711006,483.8749200687652
44.7418785655412,-26.604017662176446,-6.594619256381691,84.3781177817752,661.7397619794287
100.43037815490489,105.00195306936887,-35.04461082005051,65.45448529340611,634.5942893911661
59.84749421337958,65.71085445208313,148.90626415945752,21.438038654716376,260.4302104470312
70.54206289965019,105.74496152079283,-64.88124133098697,25.024869323247724,477.9096593460059
111.15443548781688,103.46392179858925,134.70932967750852,89.20454272767607,923.9883475791673
100.98987087351848,54.47398322619643,15.169788434211899,12.1362068913143,236.16997929878602
102.12721592075576,-3.598554350371174,95.63097278956297,29.417574107356348,401.403094039789
23.88034616018976,23.45379775013395,-15.683726076106787,69.61460773292039,752.6179251737381
99.1938830901191,29.400042968286865,53.44891481714255,77.0122750851634,904.5190301822164
-0.8774992144898306,59.542967190378754,-13.514790102905678,37.72664372350582,211.91843287416253
114.76419002326111,65.1739728634772,-6.744288184004887,46.319704945103894,622.8772360993576
136.10558472541356,55.765581583426275,-119.79532715684918,27.1055758892593,217.12391146802167
70.12420184409407,-23.85032756313111,201.8235068672184,59.379420189494056,443.78020798002535
76.5790892586783,62.18257325381043,-4.527167822155768,33.48656409430222,577.9566405156033
41.7393866677904,5.178924841301418,117.31647069700307,69.65209636282614,521.2711614878899
54.45832132773445,78.50134941258486,-21.904216003540625,32.558813043790686,401.25804743488015
56.49021449720847,38.90289812845804,40.03501716033087,3.633795668357502,284.2555452424313
166.69012046088073,-12.428360279001017,-23.74953899947903,59.51440006998851,821.8956628796035
14.37356613009326,77.7232585877384,72.06623618002322,19.75695748795784,346.6974682157719
-28.30528814150548,30.202631781193343,114.83359450310596,93.16250676538422,722.9914862928185
73.65373155807198,89.15635183512035,-55.95259114246531,75.58306505094119,805.4025735954033
54.00450954893767,85.3411351541112,164.3752629133608,63.589299197941436,758.1750551819885
-5.037425138490931,109.44873025214137,110.9136946584025,31.437997015294854,442.0996625311797
-12.617837271205275,5.291634095170915,115.26104286590606,55.4600297990728,538.5204745182184
5.571383851578167,91.71985271697008,-52.454793299515735,42.66998852887326,467.1100161518922
83.66063391432257,30.05149598408602,124.05117469665838,11.618997364282393,149.81059622562492
22.21363675990277,75.424409306708,-6.160178856204656,-9.219040237252635,253.6583386137808
104.42123039344177,80.8791584238457,-96.12829302015977,20.92703653099737,462.91370981723793
74.13855608999017,-17.47978141514155,50.774254623264,11.336099507754035,162.4981319952542
150.08518483073485,8.732771714341942,55.37408787702631,75.10376229406677,585.9104062381965
1.0409878812471334,30.807284245278865,109.3025190609248,51.66279610830532,438.4133353758541
38.673775504675,91.81913339128405,-63.13659223114891,35.01182767568347,368.70760153951176
60.34523836450936,23.119188116503828,143.2466800205979,63.40108159018248,665.3312973563665
152.1462847832845,75.56469023967767,124.67945269939898,87.03289343550439,887.5342659318336
226.2778709006549,76.51544931221677,20.90574143389039,57.888549029838096,815.4329218805399
190.91260756378588,70.46877968208287,16.961400735441956,82.68719958118879,861.1615668772066
17.155900285269304,100.94801558111526,-9.770126768530616,57.03989423129312,681.2610118380557
15.528534004861726,60.12840011177299,155.43604293497052,74.9594068557407,664.4344661987418
-11.478532866690841,34.7906062320986,91.62681166620304,52.32891917620881,484.0502695279273
58.78326116884219,54.8938386197103,19.86832571845411,59.202858525906976,458.72039298329105
22.13819549664838,-24.038692375943597,107.61618947581539,92.89546830099994,684.9505494535117
125.18995315257726,53.20457531370845,96.2779882941684,50.65975078691461,758.0174808149713
77.23125424024325,28.76970635252611,191.18780011121797,75.02804414190071,596.6011315428228
-15.085281845310796,8.407603812476953,61.00689872444545,34.1276626361302,395.55153064708327
36.12301819886107,35.993425258108246,106.88476195508919,21.67858052816307,357.9695723730408
-8.931530762724798,63.11325657460588,52.750905025158396,76.79362313046258,839.6289993380326
137.05749176785883,101.66126832014652,138.83266250025136,89.46924621809374,801.55576215475
91.61221006096675,22.81637181758305,119.6038137838141,42.832286619223204,550.3204130909098
-16.471483236411117,36.97360758597771,10.594737709931973,11.522962737540407,340.2634090253681
107.86394407164175,89.24401552052694,-38.124999018230326,37.25374707808791,675.1990106397759
157.38549761364123,63.340786485853634,104.79840153713437,31.431179736799194,599.308714706651
27.91309353837221,106.96928650643913,-115.77958358196605,8.616822920021724,389.31241653080065
101.08416763708047,-5.857673741479221,-243.3592596970693,14.601226343248065,307.8771550890383
200.70714910187425,64.46045570268682,166.1027127095122,79.94169259462501,908.7288043046964
18.102146761133348,22.315306530253192,8.584215102361064,28.269943133302135,502.72309941408764
57.69672316964189,29.690398260641683,-14.905335570030005,52.166542762569364,555.432061183333
-27.0777256855552,96.88073771475078,-32.57263867252637,19.47760380922955,394.5131465383246
-91.68765801693723,71.5670115654174,-8.207357199991051,51.13591159471348,491.6731223087912
-2.9502034680869684,64.98445259788849,169.13454961959397,79.5313319234094,822.7920363097287
-28.7142973110477,-6.077650702678524,171.016460824335,27.86041364999144,181.77627776228616
7.159316461982285,74.05200747060175,30.07416254700919,-3.2404904459503006,75.90676916011972
83.49873583141343,27.661455500150765,-156.68383137145062,18.51411810918906,310.6829660980649
45.97006786309528,86.82328544845166,63.7348472087535,78.44813899031794,793.8952778023975
-16.936073739480165,20.490885429062942,-131.42007300847064,62.369432070619794,361.068418465949
-16.102121544368075,91.21020763657985,63.294173904537274,50.10962553797652,465.44657262637395
68.98946497751028,45.97976449952459,221.8501510967452,64.45274230724402,786.632481620197
31.3185407216589,25.951740021880774,36.71700518534484,67.55339327446156,620.8234680038395
3.64897313246113,56.86969040210003,87.75124168475753,68.27010380078944,662.1915537750891
89.86836820574432,56.29999133395465,67.45418553685164,36.04341072144233,600.5778270542226
81.19643574976358,73.11783315745836,-29.78053267013844,66.97660330639194,676.6971691528187
37.74965039836125,29.52336579348872,224.06021678055333,84.95690077612642,792.088388055824
18.787102866916815,15.937320081691698,-49.451417259415365,57.62622531884901,515.4258912537867
-41.87743501418243,83.08406117704212,149.77971594623435,56.58594036480841,508.3028348628956
-22.47565486110377,35.662621729598875,6.726330608881355,44.26786104224105,377.6664744341476
38.29362615767323,44.93945154720716,212.6809392687769,100.32472415882427,865.596935245928
115.15752627424942,112.52966588100831,-139.16068043349202,6.723508224090966,190.7657602285629
-14.760729102934619,85.73019152420308,-84.77435272490075,46.98592135614929,625.6271325211831
-58.96744696475808,31.74790052933947,91.53025578372112,87.84269004831938,568.4916490815923
46.76792702598463,73.06093273114126,112.0148751428101,49.3576164010241,474.2942500973784
-68.39187219709949,35.57414569194518,143.10673075684568,101.39406638171872,734.6532207860371
-64.38247512911587,51.01389554437373,-85.62960693510593,9.222099839293934,139.10393929230224
-16.137257964474273,48.33917117707374,85.91738426422899,25.142960074698774,590.2785886361339
-117.47812070560047,21.527313294580892,-126.73509554240019,14.86546844826252,207.61946806943803
37.30610844990032,19.043285795213883,-64.25103636907703,25.14588216379786,193.73393880381172
94.71444745258893,43.99490688203585,85.15641828733882,48.65931096141149,690.4952591694687
95.54070685778281,26.01417821516448,-4.605466608582475,81.93261596015213,817.0541743799994
9.863035282170951,20.42863946211822,2.365751653244672,21.262889628467825,163.57259117765975
36.6475742692689,21.27658507833569,9.876236620805635,1.4734865753464996,99.43074500245919
47.45605589155861,21.33906507094936,28.38264601981823,72.78115254293331,606.5206907503839
21.92153880952436,87.69053551182783,69.41184136841638,58.94794277682588,540.4723039613715
29.906681829968257,44.057652772440015,86.79606389573253,43.9643163300736,637.3471602393483
145.39764756728533,28.811043899103495,59.973501390788705,37.720853637249924,387.73318575066793
47.62190921961619,43.638682709021204,66.32918449770472,25.11847708433536,345.2920307902572
72.26863140074326,48.56665754903272,132.51584500458904,72.95324563542036,887.4984602610546
-26.321819238874724,112.07007163353768,17.935843483213954,14.491710737702459,241.30579570955246
0.4137043948801775,32.99565725884248,71.585209093712,73.16343044628317,623.5785250750387
64.31724565176364,62.790418258361164,35.24244076094957,79.32604235168041,511.1739710524855
184.77286301804165,79.18156661495985,214.42108749437844,79.81934129253978,864.1556387720796
71.32667130301792,58.2743270683748,139.20762527288383,92.42760023117265,922.6269850957895
112.48030044411801,1.0412606296778222,99.78582556455544,91.21006542795318,954.7633150269656
6.115489786596059,-13.614937406138159,65.11120919533992,83.12065297371805,606.8653206617953
92.41015737114687,68.2086941704456,120.37805523956152,56.595083478656385,760.5891707106656
96.44941813744583,-16.288098898415967,20.561551623252498,54.33659633190079,689.6866776864035
28.90663488024896,80.13916007201578,74.62237192107858,88.43149290796401,1007.4941213177519
86.16779377475456,41.14265338181287,-20.9734093653191,22.773362830950493,439.31443506380504
39.94852540995252,37.493917328758826,-3.1296775729126267,81.08080197885506,698.1874459931283
81.76088110427449,58.44295941286185,31.919734277514102,34.434375271221064,401.80052275239245
66.86106108224979,0.344338431965721,-2.970368965985542,4.0492299306066215,45.19621039543902
34.560662763833335,59.996911010831454,-91.39170029563704,69.48297490425561,710.5037399407661
34.52714608179864,26.777706169828427,146.9037410454648,54.56682935596308,589.4093506198286
21.602152531287388,44.09683382575679,24.17143394656138,99.1911548071018,709.9159030363437
71.5501737160221,13.38200602138818,132.9106587633844,80.62473221931536,739.5689893465697
84.09643113898859,101.14000870857248,43.422334736364874,44.8722859612697,737.8858357615106
133.07076800236777,79.43049454180714,15.377531417464105,71.98502335509878,541.4095829788338
76.10054754381505,63.76011155404995,103.51454042539625,0.9897866462841642,338.56625831709255
16.45870443211563,66.77838745960923,-76.47979406567154,99.71599023968112,685.2465435726069
5.946928027609406,108.73820765364042,-48.20348126838752,58.33762581333214,634.1668132094601
156.01995570891097,57.80146983970458,2.1787844708600446,49.53071494445465,447.6015552044386
-82.04028640767642,92.53107440520984,162.60539533232813,42.93656221553226,482.9878032964678
66.21807946890071,51.268439214548316,-78.05235327308819,12.69869289270335,283.83028767703456
70.91842865555586,43.34770010228226,91.68783067881887,42.71491868483243,577.2316833573311
-29.79819129709765,61.890532170869875,28.242332554402054,25.881968264361838,228.75876436657467
25.13215217558289,28.709357836230616,43.944003814114126,90.26526648451059,863.1783896018512
5.264382009991738,50.24195037088748,-109.27027508499454,14.752936276503926,178.77175856815097
-50.25691971735399,56.25828029746044,-29.3896829023845,1.5271427140203482,155.7951541648572
59.12872837669965,73.75980557360167,160.9879634213378,82.16112879293188,862.1281800329114
38.25044981408535,2.51224861390204,74.59530314039307,-0.5196978743635041,223.19796329862166
122.82014572392048,94.53172154744287,-26.289918810743984,33.55734507844806,489.583281465145
105.04354248075424,2.6671424972680113,-81.37742181189284,30.580621750299407,335.08092952806214
122.56897919494664,137.06975943168084,86.45582665302031,16.52030450375242,414.6902951829583
44.36366496941897,29.55513324910548,144.8471285446103,45.45458101936248,593.4069140266167
-1.72061149509247,85.81058463551966,-142.93358028092422,20.63300340092906,404.0798106224171
144.4981054254309,90.06473086144443,142.5529314004006,64.51191468244723,728.6920668801079
60.73552558276374,86.57182268952349,13.713408683165468,66.02513092056468,640.4015393210908
45.22855275125126,20.554803199665187,182.13793515131204,61.55262518613314,641.4247987816101
65.65792448567095,22.535213867160564,-12.010397636001192,19.405422508039084,147.9719318609324
-8.95123082640319,90.78865731704975,2.4155708912235454,54.32157488831774,601.8092580711808
86.82176227573292,52.73014912452811,-72.83078028334637,43.673502386287055,581.8435679914949
6.002217646523729,61.135614850079094,128.44196705236826,36.65357072988929,368.07877089603284
137.8584253206243,110.78856510650745,142.84915177690164,22.985237991864206,558.3455000866371
5.911774106946233,73.73920194761588,92.16232149713495,11.492843092912107,387.33046510493375
63.08531989348446,105.11252404258359,-77.28788513652451,64.18956544984131,645.0625113689929
-13.614319976834015,88.4626881971906,61.97565142372274,12.587172379049704,305.1593157090563
115.87919375886062,49.67877358525985,156.90777887354483,66.25982324048621,888.6445421405531
45.07357365213422,14.287785556292071,36.497058137118216,85.88076917844066,613.0677417921139
-23.463832733490996,47.98290799571001,82.73983893668708,18.818552376595633,417.64473165312927
84.05963770555026,27.573699358286323,66.53140859004978,90.94961083090604,858.8024862924511
31.277899256379435,17.32406203299344,56.98954634451776,36.39031762237823,410.08277072093074
35.22849592660712,25.047578618350474,37.20536215133757,0.35512244657832426,226.91167261599
42.309075001278465,41.28124707166587,100.74336470247701,48.062723135569414,620.6664922622776
-17.062794572502852,105.86468618180616,201.9616734924241,96.4103887917465,780.4354013254773
-57.291946685434624,40.963750945021005,137.27492520694426,81.31795426760019,596.7313978009327
25.37653720825149,-0.15607490463372642,11.81547573149777,84.83362891248117,752.3917476221536
84.72054840396333,14.792492993929866,27.673440432752642,25.50268881226785,425.9777357144418
81.8058191552753,65.04115428949746,56.34347115384158,21.119352376317003,313.8070272473798
93.40741349661131,74.33542867098774,-74.68503854086141,30.834517502047262,609.099993670095
-17.029947887457084,66.4370995695056,-103.16649484873457,98.3963384158002,680.4222901016232
45.248256185554,-12.576269074528355,11.885514609186458,30.472115239963088,307.0306195014795
-7.651403024149488,6.110152265859461,82.49066018481633,127.71156013047262,789.3241805519137
-26.552818963059252,56.596093487981854,82.02315993745184,73.85893098811545,650.748074514506
-85.12614901160882,39.50665993161397,-79.34652748356143,38.76867237632284,530.6431959318909
-42.88375567517335,67.52372222589261,195.32756248987153,87.47654780047694,703.1646597063393
-28.23151533047053,42.12975304280812,13.428849377426696,18.158984840034826,344.54826891573254
-57.133368748506214,23.73937767708526,69.35446290102183,2.4051006222489226,128.7967903638203
165.89719850238663,70.94822902804447,174.64659248134404,64.84261185074755,743.9530668092586
101.1690006827971,43.09080325598396,-98.7710329693886,22.15218682518997,497.2257496127808
109.43478163305988,63.42355879061741,170.37290321119343,35.317675752764096,639.1063359432553
72.89242090298204,61.22929458689022,-144.70647010481758,54.43426924583208,417.137804981325
121.02714119626062,45.11918254887278,98.28277363316712,29.006872151213884,489.4281955227318
24.052358861232847,58.498799025482285,43.69379733291586,21.08217795500523,308.2747287865359
140.08828889619502,3.5186971173789114,33.867520625064486,57.26462399186964,750.3531277349807
15.937590471785057,42.889579383277336,245.4609069581748,46.33645515527356,513.8557805465227
125.40063747028768,53.84103890518958,119.53649872562693,61.559888248591506,707.6661980968756
45.43903737886856,16.605743932583913,55.809299841056344,54.93609733836001,358.5048657048352
38.206967005386446,82.15843794445894,-7.350915728877965,92.93649926820771,781.9181159563675
24.21909598249629,10.48115053232691,141.26067244175857,80.92631284988046,552.8062543648505
63.16341221324927,54.893209361971394,133.96133236111038,93.1567778433149,833.9449904690816
46.16699980835051,106.54434290433906,81.46079772135653,47.91028253816537,542.8487588326486
84.74847157799513,-13.338752678969831,252.38282116771063,47.87543447959732,514.861328174634
57.16808543568311,24.735649809521227,197.80512193600606,40.34197848557176,413.8858766968302
30.165679428931586,91.34075906455946,-60.1697177037031,21.399736593056097,207.61520226968454
111.82125982137438,5.418711752501199,45.16771085599004,103.73873927923931,942.4314413971924
107.02085762668541,55.198434399297405,96.5935160236753,32.64851437008762,635.208928431287
122.11421568827024,105.17088827002439,-6.820091235706336,34.93440854242265,635.1899006898796
41.65815072131012,56.20267835713694,50.5490459882933,60.21591772463089,629.0599656651643
-60.43947301385191,78.26430916486457,91.94862270787465,63.55013305397388,622.939681483278
6.3611232303663705,87.91566500559942,222.23172558845502,89.14620544491817,683.7817176436472
-31.190251689083382,70.4220255498372,65.28882427693925,16.413714230002668,297.3576218006855
72.9179556019886,86.06721589167526,55.74050267801107,86.47285919245111,737.0975401075207
-12.668125653061379,58.82832683600985,66.60508580976881,21.4710395084535,285.9368082128949
80.01652449743997,3.7698093290995693,152.69706196368347,39.28214605937267,247.25202582340637
-8.21552055579728,63.31827232220512,164.25873989077712,60.41272962714558,429.78612343912187
-49.84063227876061,109.5571222218901,89.6779793653698,39.94099793712188,544.1843856055668
53.63352315879007,-12.900044498986858,180.66687568953185,23.120726313346992,389.8178369943319
92.21242971436907,89.9424008783704,143.40096637568746,37.101095689687185,722.5815417821112
152.02797322892755,40.9849422671281,41.139345291790406,25.450733929937144,540.8840320472505
-43.222957313347976,25.35241401372765,-64.69221370292824,43.520075653035,286.5995831278223
37.72213741125003,63.7945458560469,-105.0566292525335,66.24601227359675,716.181365921978
28.075060206612644,9.045658289395888,-62.480714259182406,4.413434267106688,217.39226042605435
22.483352920660977,1.5781661821205972,-5.7413458631861545,43.50432652432062,344.5516951897454
40.86181387999295,-5.747801976089467,134.42038465457088,12.380826539164154,149.59142388288853
41.19655013276956,14.294637094914789,48.27162165555756,54.92271521801188,580.965046949919
102.79426888762217,62.45573519888582,105.53639541107111,64.3091514943037,725.0457922269075
22.591228051178373,92.63860776075425,79.23168770541511,64.91029711833829,625.3297666300771
60.513395260647584,112.0491362743674,-12.129660596804378,46.552581872836996,501.4697865989575
-1.3451620639888535,87.57792123375314,65.62004764734087,15.00681276482207,155.48940803289395
129.94889906740008,82.6742645642952,28.85796114058933,21.820547719117094,486.80518681970864
-52.99277128878748,79.71540111905794,21.669998184596665,82.28544565725717,791.8633141120974
78.60581316710508,59.21271514676178,26.541509971765954,65.65789716623773,792.7868936701893
-16.971537628625455,118.00305313464497,-37.501375337059436,60.440685135421845,503.0128551855518
12.426769998323145,14.26132032747152,4.444610908926137,46.961854018705,595.043693230673
41.68942473953737,72.29117215180396,108.38571178133478,43.02848032931344,579.0145382922835
60.01536875918889,101.00476687371342,20.493297042298757,85.37513053253751,843.3814790046396
17.193430759442194,32.95920742946851,54.33844810128477,57.65991736409235,585.862448902587
12.994720589749498,12.195922310149538,-76.68767324741286,23.978164225834096,219.0648267602494
142.91357485707772,63.44367882264248,-3.9893809029349576,29.691715849747606,338.0283309159013
15.207777373355118,59.568863732135576,28.753223353391988,42.28328074408994,391.06854013825347
35.813701692586015,53.37068586917954,158.1218374669232,42.3360971504902,537.6517259638183
-53.720068048034975,86.86231692116905,-66.84008740244431,51.56703918688944,593.0763094176414
48.2221562774775,28.567846911981682,119.00225864837292,76.68532932581972,620.0455130706729
7.890328035320462,53.069968416945926,219.7971744040458,84.06077800673842,693.0190283620367
54.91596707866724,61.51326117619049,168.04423151979512,77.70823949003994,759.7847315397667
-10.142545601092646,13.963223126748957,35.554385947189466,31.77010132188983,179.4539912756643
120.51886349772934,80.25380267282989,97.10352970673932,90.63322137053092,808.2423737158156
87.38751693705349,79.54732937532442,49.14144378151118,79.82396113302246,954.8993717142137
121.29287160988284,58.0223852287986,31.568120010394054,70.29520029757126,852.9371075421213
12.848199241631665,21.33068063418177,0.756605292102229,27.72231065446189,280.00558538715916
134.35409397413676,20.17835975792089,20.41868242394948,12.462909015919587,341.78869531597115
29.94878773300534,27.27644936028409,157.71073322900062,94.87299973005729,978.6218549335618
31.04185768084685,66.04717876204595,-35.92541883808408,-6.349793192225988,127.11137326433867
28.147558455330476,110.56901696688503,124.27153289115756,42.87637065822874,631.8016921328286
23.778267943182193,37.23889950383842,133.2922237418562,82.77410380196744,699.815303647765
100.93355664166228,104.50440841704807,33.99995179415123,17.804593483418373,352.17245691016126
112.18121387925476,65.29930635405083,-8.667687419879046,7.13921336439892,323.35725332427756
43.712327894647025,55.79019436716153,-5.28119246168297,83.25170384446488,654.1971594823356
119.44587228405352,-16.644795360555364,97.59777300994199,48.65949228031799,651.7788867104251
36.48752173821937,94.74690143580617,14.534973349374951,89.50122794112012,807.9984417488641
77.5234613575036,60.22143460667568,76.10363139231447,84.90194098581851,771.3920538770599
-51.42959106189811,1.4802323816896248,97.96086062561895,26.820769777499407,337.2993482181719
-24.919709651976618,16.562427746530915,66.7192462956297,64.7695951879283,541.6762139274597
83.34870329016348,34.96158915594609,114.76087388160545,82.85542434303923,599.1298538114507
36.46707760263616,35.28425939630537,83.19599941979874,22.319333670685392,335.6606940609645
89.28103370060428,56.443148466863036,95.24522382371025,96.26443719428863,873.8994283691509
165.64150779625447,36.95012401544449,115.90127977160616,43.248504125659245,658.0074224029579
64.96450158913423,33.215741871034055,128.4781049706832,81.77662337644055,746.0776167139377
26.698018987044808,72.85467000272165,67.26473749056831,80.58777447679842,688.1990419502702
94.51702595093772,-3.7356464551681228,59.64468598143333,3.0791600088770092,242.8203275158495
110.91441346623407,10.695995225727415,50.38186794818404,88.27471509379603,848.2602851877751
-3.0950217740718813,-19.813038395555406,-55.79824223873431,1.0266499313740471,175.11329402693642
99.60797887660091,29.539280263932017,144.16638154069318,38.95499491572325,568.1504472919021
84.62403859531037,66.19968770034268,8.566503331853802,49.9011828101019,591.8152540572825
65.15629414666213,43.96311912335585,92.4669333026179,56.12788936371663,871.5511204240236
29.633756599307702,103.92191399822431,188.41620071623026,46.84454709004882,526.1433443023063
-9.322341899792598,55.00540820214175,241.05462171484356,91.1948244900037,846.1170934781308
108.11929485338169,66.58228724772187,-68.12744871379002,7.0990011598913085,286.38778588758566
-36.70840464157183,9.025886221767625,97.52174408619402,41.15737250139614,401.7153201484011
-9.95764943690397,21.91885918534542,59.68179585420988,59.265849041277576,630.6248490594515
40.076298866854074,77.21872521104618,-24.650237623404948,83.74648715678487,741.3767337939136
55.94015945857403,6.469514591710155,145.47745078605024,92.17437674111437,931.6899069271294
117.22599124194358,-4.54935358527591,78.0565459641554,50.18520084492586,552.1903418915508
108.60487749702267,36.225687347918466,135.28213063862916,98.64642959241239,858.6651537673213
-18.22964795583691,80.7831001705297,-7.799848500636131,53.61350637892044,528.9072381735538
99.72624356739352,86.4835147230615,108.15037933352133,45.67322390353786,743.0988344666125
17.045341185621993,47.04102173031713,76.87518290933082,50.439776728986935,531.8466832479075
17.156741938630468,86.70866835709,-48.99254506462633,68.748348643051,793.0184258923397
87.53623782261535,49.19488031613672,-29.78847824744011,63.356021482283694,843.4115920085212
27.7749685862479,7.974383344840085,-63.45067434289567,84.8626885064434,545.8816445858521
22.521086450686404,95.16607201270139,191.00638551635808,86.8766748225856,824.3918492983952
-10.880843517468193,96.90922856969155,17.62004365307419,94.61095766680745,823.2015972088075
143.94518381378344,70.57917068027311,138.85378657322144,86.58581234413795,908.7356795973615
28.43270804073786,30.14484265893345,60.91565037527432,61.14822792034121,612.9694999616353
60.11099940966148,55.4820824435263,-62.96327136860609,63.67262624446802,588.9931879917674
35.88134523310835,73.42168746126401,-69.62968604061888,26.928144990558472,445.57471804740084
93.95666005330867,69.4220794426309,13.836336629565956,74.85527973436287,714.5766063737129
141.96879262688967,59.63679802983422,-65.9450348225814,42.86408680238524,478.96102163983323
124.85394944743057,1.7830340428087048,-18.795685246615662,18.04548728450569,430.5836058104884
16.873976501147027,41.36467245254127,50.888494183432016,16.542874554700518,357.8803436406177
-8.981661071748157,-3.5012287812798384,-60.20141326563562,79.73083968603798,534.2297010353998
86.51854561147564,46.72284871549759,-57.3378387786216,3.1980053129590793,240.15610380656173
-26.459412318149226,-9.701722136349677,-153.83575141236253,34.686607727645544,350.2463857082261
37.08100173697756,54.1665883652552,59.4198904271522,45.8317918132897,418.354992761385
101.65700197880952,-6.640163620622083,98.31448556304527,50.79674679881631,391.7012418912411
55.22061021766255,8.14336464638605,-61.235369281295476,19.85914506855042,229.37646186380292
84.80598923049915,94.50174877424956,-24.589625688066295,30.87738056156006,220.68211549581383
78.02499315219289,41.24331680718021,87.15101547352506,5.358178206745379,530.5781381640084
27.71379587886067,46.52694243160647,101.20848948778176,51.55897024367316,582.6383820539507
85.82518778744031,32.991884384929506,59.620836543212896,67.97595881922844,544.7751371570744
68.60820046201262,65.12690689094096,-9.817941528070534,97.91449931402747,945.9380837567733
-5.70845607647469,-20.04806867461208,96.09962776780094,84.5136687304216,453.73417626326926
117.1498466161805,63.73157959498168,-12.126052639158896,35.5023604636923,397.4463616477314
54.69731004687305,24.754739992358648,14.601938437509894,48.432452149189714,470.3728594050831
31.43214058014427,13.20881583398868,68.42869299273605,83.27517483530139,677.854108351539
26.167656582888497,91.19267003929248,48.03334354271822,-5.488700192403295,253.72000052332575
97.00050856669694,95.22644416742277,13.782530081760022,11.444217669929373,312.3152920942338
-99.3911759996867,71.2143461304419,87.1862146077587,56.59586942578299,607.7803021832947
55.8931564330212,3.8762685269230204,103.50624070546485,54.132495353520405,580.0550631035543
112.08116328956024,63.82248770498793,60.141457653010605,58.31350128390236,876.3845460735424
106.27523267935332,14.75374475528412,-45.27035030843244,10.31137485475749,352.6463691527252
18.193584464888566,-20.887882858504412,38.31170980949205,25.54268094876755,146.04678749607103
9.253022719370149,-3.8444649305734013,48.61612910995431,47.62801696102102,338.18579217715
48.10762671690668,47.3158260693485,38.99760778476241,77.49644164486308,623.0899777115833
101.48351206276419,106.57857352999154,-16.39361009655788,40.228588446654896,594.0990270056573
33.668353473288214,40.225326871463196,26.945891728847158,-3.2059872083092764,214.6599725036397
135.60772403968946,-0.9960304644309037,-53.743404978127685,102.64906454265838,907.9432371201304
17.508375303549176,103.37655397303242,51.91630413214837,58.55454378689771,498.8697602302868
62.78166342381178,48.16359149957854,125.15909364243493,75.45038820343963,918.0275013927085
106.32970608369546,-26.042291304492544,-3.4471298495525957,45.81358046627679,446.39763247767564
-83.88791384114865,25.840463531322907,58.586311890113734,69.41520840090786,517.4164424126124
84.64637195309385,15.58326798005811,76.13996237069108,38.45389153523144,413.5092233444766
46.12178240190403,59.31581884406955,-15.562512650210792,24.945312488283975,390.88184701692023
-54.02507532774436,81.9853688217828,-202.1124844773425,5.4615561765761385,209.51344200880862
55.62156389667493,-4.537237575179859,29.143941341845668,69.87738554310278,452.4338457045752
99.38744682147815,5.083292895125574,172.90506964112697,51.444319752713916,552.2644801733663
62.536669680894235,51.03968891218669,197.92641013728647,41.49340862776336,474.13293259629717
66.55658749074672,54.47720968596296,127.77816894421689,34.46989707960188,412.5634043890784
24.297226703527603,54.96243043748064,89.67643816587695,84.80221977120698,818.0754076501423
77.129132113558,62.807036240107784,-86.79616394129403,49.81520409847207,444.0860054665552
-72.72446800310054,56.50714532075463,154.91716040303757,22.584498395352192,341.5936076400435
80.04893539949968,106.13757193367013,-44.61485753325931,-1.7378702411473732,367.6189063016917
102.81197928990811,78.31271246389134,-71.17628275972612,29.01020640360211,367.02026293030866
55.16020278537823,100.29301644374013,45.97558050738961,73.56883253338637,817.8397621140426
-9.656357337523573,98.87195889713621,5.084689785080371,14.601425952416731,448.13586765945774
-18.685516909260013,114.58684088511838,45.673010988731455,59.179929812649206,505.97306777026984
51.699932440646464,37.86788731534606,25.192040842688442,42.971109161916914,384.35336282648746
-169.09258500488752,49.36121071017702,82.96593261699522,59.76437844395219,453.0896176705081
44.78532244679007,-28.45610354693906,60.223655978017845,101.8530413806089,807.0446405787625
-61.133696362763175,80.85565569522959,30.611046061647528,50.53344439666648,761.4015373555577
58.27758092098262,110.70167391546553,43.155998099617875,69.23643792089264,695.3048742152505
156.30224241598677,22.61358925315594,189.47165060625156,62.954353236485204,707.5716981918924
91.77509172218572,116.12267039519057,4.46641746688163,27.748959053632056,336.98570911687796
-8.04642321995128,83.99846567100542,56.95228497151097,78.13897542017928,742.0245814170032
-59.410359303407965,41.05670724244597,-52.60219756303269,0.03330553212671994,120.20609914248344
84.90018395676871,51.700966241589356,118.27310659589463,88.77425938004214,900.3427876927772
49.175392651235136,19.296424860098167,-60.525467518409684,34.36465658076922,343.6307044438664
44.19325129480432,32.78798781472126,-78.81436043700808,13.949559968205891,169.99577348526736
128.0936407790594,-11.342629227004739,98.7394606538773,20.73532118598866,503.68041453058464
-26.285534386837607,81.80945978185527,144.7960957092845,42.13000669303924,428.97291644082475
13.478021706551786,41.03613291653068,-1.5821864845420066,29.699016519307317,547.000951514216
161.12443513160358,51.90072712810942,99.24549775924726,103.98002347665106,855.5912348590732
53.32722825565182,63.086375729587225,227.01995299028798,81.01942008698825,703.0275258266241
177.39676046267874,104.19057331629233,196.63943254219376,75.51580604166722,916.1736833416766
-20.185439896261023,66.8974709770905,-77.88435531364627,29.272848443950515,259.27196885591354
98.00813587842799,55.714815194808395,183.5636574428081,95.34317788063713,1049.5338839525136
70.45505341517391,37.75512955403905,81.68075366573495,18.10785985593623,461.59288822087973
56.587191513836835,48.84194520930738,19.531578340396557,13.890829418144833,135.17402209271475
81.47861135101937,50.53172956162384,-16.192708077564305,79.73510728690884,726.4121475755712
13.717395712358552,-12.885928606306283,27.42795978502562,45.81149458048101,455.31985847814923
99.50297058789903,47.09521769359996,-95.22296289066125,80.97641075479798,734.5711502347158
68.06795522923639,77.34482410569126,60.29748583514715,31.710887393909154,408.5489092104175
68.80992037773139,28.100568625831013,-95.11838833976299,57.8383649419008,545.6850273138992
227.48451150613107,97.50697276034091,261.8043440194038,74.42663566556558,926.0488600037042
51.710134994875645,36.43175525572187,148.30768906009834,25.395939472561313,372.0532207332654
19.47715342070133,94.59219651409342,125.8551634345896,31.33296862167958,245.8019454436024
44.448378771436026,74.66925650912131,123.19323331739699,98.47096152634761,797.6874725290511
-21.90596400612172,-0.8769171684399772,175.17515380282344,91.05353418249707,708.8509241646263
160.28692749215114,-11.700326252337646,100.6643688489851,60.652155174655434,746.7220879483427
-43.86567012842461,59.12875171053444,72.55511390795428,-1.9422385257180448,237.45738573343039
94.56155811667954,51.05940143700747,137.30535893682435,84.92598038310389,938.604349371665
53.693488006625245,35.62567684016835,155.19836216969495,93.57677255272044,863.2662481953837
124.61223313648061,35.631169128598806,-14.76009379841129,57.82527768864471,637.6752823651782
58.91529709563465,104.43343744289704,27.12621520642678,-11.35859038049515,230.7284220910053
92.16354531408122,4.653350699161354,-60.15302680129939,14.482386184668101,545.6535843557599
81.98811030475488,97.79519992489304,20.45162624496992,25.357539417529214,510.6852755986464
6.673205204308431,69.79446233151094,123.37290439292852,41.702491604301215,406.137997328233
-36.7013146683058,99.99260740764029,-30.980877448520026,63.91892963214695,450.21805474690177
147.95190903212767,69.15376578836097,183.75024800171397,70.13920816820409,811.4010863669806
74.13492444906913,48.37443349465464,44.949952750682954,46.73527219694115,636.8221469835784
108.87109499740929,92.38327004111918,-107.10154141288683,19.745801595743348,348.1122301795844
10.762312352917697,33.38857362889534,23.50382039952754,17.18838726239897,359.3165141726479
-10.054692709416265,-15.39557589676721,32.07382715847787,88.79761436326699,802.1529247473092
-7.2060477128827785,83.92742905013597,-49.43835202125976,18.270966421584696,455.5604104142644
-12.947438158184,10.936595076301266,88.30831184678148,82.81154011028161,675.30562499595
-9.9470431102189,34.003767681043044,122.8879270283826,90.98522615980107,921.3395382509611
-82.67305878073734,62.318570831423,99.59852913112687,54.82899232847235,449.41243843907444
16.153519573987708,98.37801327410538,-39.29722331250498,37.259436132504014,345.92340445262806
78.87195032825726,79.50333421681276,160.22328440608445,96.95911860603184,929.7004305082535
90.66078496815217,117.51177104593741,99.0827944448231,78.07962780842621,809.7793647823153
63.824389548581685,38.75864752911735,-16.535866377380486,38.74143810929492,416.2510367453558
151.23945088056257,0.814009683806642,63.08389982524609,70.91173796360557,794.4393849465625
70.61963897149727,71.78349555810334,6.9558110661440224,58.19388810845896,770.0225394412792
56.32910776807169,26.910972302523,52.52998323251437,11.878787884912331,297.2292857070803
65.45920548764056,6.146528605580663,-87.30392707534848,23.928419594589517,298.4213332338234
31.904143238851876,90.13741788725142,-86.76776420862697,22.76299126241151,216.17795498027647
123.04796416947421,96.45991507194381,115.35184524260254,35.6102492943078,518.2181594214263
-102.23025477894467,-7.0596136772609395,172.31461425636724,21.18924323282118,253.53395415083799
133.0230700781999,63.32678115788096,205.07166341072391,79.77786907839963,818.8244611965296
75.8265378279663,79.40840186717352,125.1999348645534,78.47309086504372,777.3395084515136
63.23951609064862,64.15006018828157,53.589636441660794,58.609495357157854,832.0698036468063
33.76978638885169,89.11216737999541,-63.88322392615759,14.199502214884912,243.63618600917513
-6.569959018317732,-5.3845142584466075,207.2920330278501,36.52834905370517,449.00689150162356
117.28525746243207,9.428458471239674,-5.0265215720794565,22.388848240121874,477.25528756306755
16.102591334776484,77.2989837989173,-4.026058079079375,17.49042135379446,169.57261490205426
2.7125242257184805,46.87154839875238,168.12440961391476,99.3921213408418,731.6375527645273
33.27024027461477,34.72302895327679,-6.183977071349503,58.219147302223156,626.2268346522565
30.64719120870638,7.668435224989964,-57.81142126376432,1.5413435327429532,87.8478593143087
77.99490274364963,27.608130297712037,192.9316074610088,78.23659817200287,721.2503070459529
23.5624159752289,30.88316442142263,-3.8640327065728,96.54701853761213,961.6556846033916
30.54216269104967,-22.25411459499429,74.96109177848444,84.16500566815535,531.7054218454766
86.80891921656072,-1.1790477984374022,174.795103735952,35.933694220210484,580.2542083646676
-2.0365923946625912,18.10038560632508,98.7440344402825,45.47720668707183,616.6228219175855
23.969440152551613,38.779850681839456,-32.50428676211279,60.0954836762481,752.242283567728
-107.95029445249426,59.763183997675206,132.28606191231344,101.15171919954187,630.7839424263404
-91.5012729952831,23.865658170284036,117.94055497316114,103.55401119787506,692.6957130362656
22.759750072796507,37.16126956078488,37.511443588104726,20.638869274237138,355.2679980999932
-27.967105545742527,-20.333716764444777,36.52358354255078,14.434677279825095,240.44121059822993
65.41667587666971,79.6690399176676,153.88251752590486,13.103218359506549,276.03204275537405
58.61312580712681,90.90210597376932,-46.379658404593876,-4.156562153241504,388.89696687767866
100.57520662728399,36.93451829157425,65.6281130764025,49.45300544309558,536.4722269665823
32.19435674379136,56.15086530810726,-43.19809318485606,59.97630492142067,494.46678907273497
35.05048578439861,92.12603902281002,-13.092772965031799,96.67399662541088,807.4507058959189
-3.029357380852744,80.37502378482097,-32.51036176165426,18.435768302583682,186.2870157917971
-1.8307398096370697,48.62823521157681,126.57595406886472,71.42286710469321,514.294950147962
66.5653838106935,94.43698466520165,25.12007995954309,56.410372425120244,575.6404964539485
23.11225488851325,63.951050242239035,-63.16424790647042,33.80823153733409,309.039009289245
72.40500943727145,9.505515837132382,120.0215424751446,70.07880114734732,554.1884390104743
70.60716032452356,55.58300794157019,46.84647454375053,37.51053602889821,589.3330343618242
44.79673806677524,68.45681670542984,65.62870921682362,17.85023676160423,450.25759354222265
107.93549561627492,-17.92976170061373,-22.299988153318807,101.23832370063185,846.5503139671212
72.03778471804121,11.277004144718243,-25.70902601484015,100.36690667980672,916.8744122937358
61.99006409101818,-42.97822886249449,41.95255380347356,80.86287530856836,885.1707092613868
122.31952833306406,56.608702859808375,121.82939426180255,0.5153817021984146,446.1190067625997
47.004937268143834,70.32173865285142,-34.977118240613756,21.511156456464054,488.2815270298008
120.59090111309484,78.90705672214781,97.87922659386533,22.207768738872765,352.89536934629507
232.22115705222944,67.04559282134099,-5.708512828654932,92.35607807358798,959.2448933042781
3.88392949349908,45.30061642511076,129.46143138932254,71.65663474353647,609.438272244326
