one,two,three,four
0.11059179753914727,0.12019994565023051,0.5511662159427053,0.9165250954517189
0.4072605283267886,0.7887654866622511,0.8652598836941373,0.5283994649261822
0.24617633989637722,0.7407376244860167,0.9633502159629005,0.39509708468644256
0.20983813383337035,0.7041697034484274,0.8958966416978866,0.7852030469243426
0.2236894108870895,0.9940417101105589,0.6112606773370957,0.33003140081424454
0.4034404572422512,0.541431308744102,0.30875094782936974,0.4719718529127602
0.2581216182352204,0.6781167931171836,0.7382482464500433,0.926031174517546
0.9875972521941029,0.7389245947945204,0.43228106645636444,0.9271821849286463
0.6701117576408138,0.5928259954966438,0.30736947075642973,0.22821905827578037
0.04183645972754957,0.04789354410218383,0.18457661408156012,0.6590538892566937
0.5183361314619928,0.2984038305628667,0.15722646240894667,0.8919762430714666
0.7299187554428433,0.9702203363729544,0.4259881014159139,0.1226980101012296
0.4407194290288089,0.5733853097810436,0.637707737376457,0.8801060254029498
0.3841410585909907,0.5502879135325479,0.5638566534601988,0.7296070281981732
0.3326665698591269,0.021580264240014913,0.940494479224186,0.10606186932837236
0.8023591763469505,0.5161643331051305,0.4296853673247164,0.3827842708014104
0.6166839038158394,0.40920907790573224,0.948194273558158,0.5273124466766882
0.2578694375361268,0.259515678348359,0.7761681852852084,0.25747681373614617
0.7883808981352692,0.8072976751910169,0.5870453651516303,0.9137821273481757
0.4283213869643253,0.034884432571076984,0.15118588217410178,0.846625257866317
0.7552051982182894,0.20429344141542993,0.8592912229332542,0.13623134378423363
0.6556266963900204,0.7126884691921368,0.7412662338795671,0.039328798749887484
0.6498832545726118,0.6066919698285099,0.6605886619654145,0.1172238210435872
0.14800974888537632,0.8293136071104604,0.8529285446920027,0.5376101085323632
0.23104675898704952,0.8464533167723748,0.8659423897092603,0.3571039821843317
0.14229671650676223,0.35894534559184466,0.8374110493340653,0.599358215515266
0.6407081137953868,0.7031374299039261,0.0627998921443439,0.09804722182828418
0.7319011196236813,0.5740758516243626,0.597504529457887,0.30632186922920523
0.5679014452822834,0.6731684115303999,0.16009096328038153,0.3231638344986941
0.5788505926362544,0.6897221548702667,0.4816062044105254,0.31280714563427126
0.8580706243731251,0.843165273055432,0.490420158734292,0.4324214829552513
0.8228595590922144,0.6341247943067692,0.204232784276282,0.4842180328389799
0.4066576345398566,0.1730256364751912,0.9723470556601959,0.1925663511637734
0.7113272167650281,0.04265526022259836,0.558509275963078,0.31615544308356325
0.20398575973538424,0.22516832542687193,0.6132048350707853,0.06538422394106536
0.5068483974499438,0.20221281152875203,0.29774972678016876,0.3814766277137821
0.24899110429799076,0.26153048673522294,0.947712152092534,0.6658134992514676
0.9363478976964814,0.12090968410444114,0.5502030082615353,0.18094668065316177
0.2502989775793907,0.900504273367893,0.7635716149973828,0.8678705609294316
0.8707775345420169,0.2527816604971963,0.8567521815113309,0.8388847761691958
0.46079834137984554,0.999504572541449,0.396567956302982,0.21769199680873597
0.2828475141092065,0.14418452942883753,0.9408799661412605,0.4868707587386185
0.7624860315087181,0.5398784345404647,0.8034610031469649,0.2996829986277595
0.42632051723349274,0.4884689757744006,0.48089752556586407,0.09783382233498517
0.8046969152840898,0.822316424277288,0.085497342079917,0.13754362558003597
0.5715367594499842,0.13059678603617764,0.09821211845099376,0.41112924988347144
0.1047713632225411,0.612865801812352,0.6492609444605455,0.4096651642204363
0.17502693458392782,0.767102410985909,0.14899003045324832,0.30913545184674684
0.5548200075396332,0.3414924037543473,0.2330249975922899,0.49326912799389144
0.29686787688720073,0.7028532029238759,0.014200553773340507,0.4334710992183014
0.579177479277257,0.9051882104296037,0.6320881360989146,0.7749996530320836
0.9263333091469033,0.5408737112982768,0.7201265890904882,0.5886847376792435
0.9627750212100329,0.7582451255435622,0.792072100816803,0.09045246212036062
0.17665318099973115,0.38241445984486877,0.6535674589312997,0.19689725425673854
0.3177071135737709,0.3143875342632183,0.856622348269502,0.12866480710718853
0.7285429198295044,0.4261759727202311,0.41898987603669324,0.8399830634027766
0.48492778841891016,0.746634943975085,0.6604919894457408,0.8178166926803113
0.614521737953992,0.7721339279517507,0.9071318897937641,0.7117533138488478
0.8613690306517857,0.42292509341637174,0.2248641823533276,0.6365310285434443
0.1165708823043583,0.7919211951040528,0.9685894963950399,0.4855120049065025
0.5368960355906371,0.14307467589514034,0.030486337679839215,0.36139711123102836
0.5656940605658928,0.5242496747141867,0.4352894522822153,0.3735041531784846
0.8082625537253426,0.02249718138713519,0.9786610368947448,0.5744846155908141
0.17789901399897234,0.3872446473939205,0.7921448894411043,0.4056930263387226
0.5889253252482676,0.2893641273573754,0.561285950680937,0.04545633023023965
0.011608799601377395,0.29224740512865155,0.63946218970374,0.797831774593133
0.633768495336994,0.41940275219518686,0.8567186719154731,0.7861686892320592
0.9240115078822785,0.32127546834060494,0.551458196227744,0.08185943309395705
0.9813976330689304,0.48224646033662566,0.3690171747677239,0.03240517815244304
0.49155625104115463,0.19023379548722563,0.7539531589023865,0.8278828954651781
0.7177347316698799,0.6856326433728321,0.6050070286032174,0.22257656803604298
0.8581566379023586,0.7192267930818806,0.3482854021048518,0.05193332400309536
0.3430558687658314,0.9701856371087021,0.9326276900085894,0.9807393728784406
0.07102071652659725,0.21162268895612546,0.41585885105100284,0.13530647998407253
0.8626249271384598,0.36909432101095074,0.903919447920271,0.9941889624281386
0.8129161807867133,0.21528732689026608,0.5840225502834433,0.12229122603951559
0.7142156890755657,0.19108944410716033,0.32417882348794813,0.12747109874594498
0.3157184537013694,0.22736048765142447,0.01739153475729982,0.42753944374020314
0.9991804180875938,0.4527341493728826,0.2014908323983069,0.39957828853394195
0.9904658670741252,0.6696254355760918,0.2881185029639457,0.7612024636125317
0.7087454920001114,0.8312191525316122,0.3068152254437345,0.23594171493801275
0.7620649992626283,0.11668981128078759,0.40091046770018723,0.6143580481800065
0.34158736602243434,0.9339007760671716,0.8557334760243399,0.9551197503328342
0.9183938015283523,0.01185621782903934,0.76941140566815,0.734632055791647
0.602000474090154,0.7434710879584353,0.9474573744931543,0.7672471782831449
0.2085586389552616,0.9041014937535944,0.060805731016506104,0.7996458488043643
0.5457301140302384,0.47125266766683593,0.05394159997213577,0.5769709316605258
0.14476347010970014,0.8997489042514247,0.9666812201767365,0.1225357331516691
0.8474762172711825,0.5538059599965739,0.03460791388243056,0.17786536633707328
0.07225979988885523,0.8363605718391418,0.8470108506584728,0.083535881673374
0.3612252909914423,0.302711946848356,0.44945485289306064,0.0037187954771541465
0.2866805846592042,0.24601885322754236,0.378754437796179,0.618451005585891
0.03970981739141233,0.9625730860702054,0.9973864206807008,0.46115744748638343
0.1147178533457166,0.34652123327811113,0.5828480281747125,0.41435594040827783
0.3246362233251169,0.16577565543250217,0.6475301997421117,0.30526589632921475
0.9813124349334102,0.41500975356936265,0.564830447840805,0.15946101231102217
0.9191417906138017,0.3432801254742771,0.678072011735531,0.6596110748492642
0.4975703090484529,0.4815792635456362,0.6714431545420801,0.9098179067685183
0.7923217722769026,0.3688813516150635,0.9517249843163869,0.3078417781883612
0.9878473351299315,0.6986478920737402,0.5907960239942431,0.2587401522384486
0.4651445407670797,0.1264573765282223,0.032425192814358184,0.19653656578617906
0.999639747633588,0.8393297736058029,0.9658363369357333,0.8212676242301453
0.7441140211268225,0.808989561256165,0.8200154758961352,0.8349499763940997
0.6067697798750273,0.6800643284866796,0.525246754916013,0.9865094572321053
0.6169788973282556,0.265466361326698,0.05469946856686336,0.4657103793460948
0.5123802611670102,0.3028027644107716,0.8258159718214514,0.9871137839290408
0.6406378256883003,0.46645009806338666,0.6448934789139842,0.641317209206724
0.20984238166632396,0.2869029276249421,0.24449057994739964,0.3294248304475358
0.37421681935145623,0.5814027919060339,0.8350674811030262,0.48342436526435273
0.5731196499265646,0.4958178371352666,0.9096563666109243,0.11696727378816119
0.8680093358173361,0.9024399972140927,0.3775459193193744,0.5969976246655245
0.17480290483879846,0.4141355324794236,0.8614037746821399,0.3028446974775323
0.7806911921248698,0.155102272996397,0.7117951059990711,0.0012565782819453641
0.3157013773725882,0.020469991246891195,0.5410316868018971,0.5113042258141269
0.5882074810143582,0.0983742035415468,0.9178313439527267,0.37742795824368547
0.11171002590568613,0.207877634493838,0.9588521875071447,0.7403985070497299
0.15915840391600478,0.6278046469769762,0.4494516157033507,0.797501586316015
0.5993778746111217,0.3552440085536185,0.9935607722235564,0.237575062174872
0.493791054550778,0.834556068712716,0.13378076872457878,0.3822638823954223
0.7046349072041544,0.38297278173321125,0.846732063980535,0.8461257322173759
0.6911957862226719,0.8913082970360555,0.1728469023060515,0.02758867939783094
0.9989327637658243,0.10216802578684381,0.7633840624435037,0.9337268308373768
0.5214470382965963,0.8885295821085929,0.6013873406926932,0.14626458946078824
0.915920843180018,0.2789832492066021,0.5760206505001509,0.4697143849516804
0.23749375184523702,0.027919728362889584,0.6593798173231467,0.05838521644079897
0.7701119780445332,0.5460361031911093,0.8218680370796837,0.8781263584380472
0.5891884719927577,0.6939590786624222,0.5728720906251745,0.5773130214020961
0.945866526113635,0.32261242479869856,0.042294177786406206,0.5565368295432465
0.5702650721743457,0.7985015555697758,0.7983344356085571,0.19496631934733832
0.2973134196205093,0.24319723908556456,0.944932158878498,0.8549466018177405
0.7184316717138589,0.9369965528272837,0.19880538192573227,0.8550087788043413
0.7135574267378816,0.7706733452395418,0.09055042365957833,0.4227447418729743
0.8410920593136543,0.28038708714558414,0.6732686265487462,0.037015964457311035
0.48170792641774685,0.5160488015936413,0.6542926863379679,0.31853695550537375
0.6244953087850489,0.9299357595648483,0.605665376201627,0.8323508722169288
0.19619147432240158,0.5460778282932317,0.4253726689431816,0.3806538899555326
0.1995652369274099,0.02099755308369866,0.12099256862756325,0.2528427578214907
0.9026862294216609,0.917946694131547,0.42282159960498855,0.8807079482390858
0.5502957048494861,0.29911667349315196,0.7640673331816005,0.21976823033198356
0.8913284453806074,0.49621570961341877,0.08086679965335442,0.535851872279769
0.8870407479531242,0.4834682189800992,0.1857544587432267,0.4202097348692059
0.9235726581952329,0.590839784559915,0.5132356623897577,0.6409243573575408
0.7718107017275061,0.6946052794384165,0.004073156609895601,0.9990541717739884
0.67879559253379,0.49751042088864283,0.9136305212241203,0.9872076841882111
0.7428734174837041,0.6267487975364641,0.435287466240619,0.31026267258029105
0.3381304942639648,0.6580418625502729,0.014877492667558112,0.030069749453385586
0.513129171475893,0.9982694943866742,0.8555740907346007,0.5787109733635292
0.48508309105111014,0.7769585060926847,0.5303496921271162,0.22109445937092864
0.5994564004343957,0.3443367280975219,0.9118760515092288,0.1999923433990899
0.6716298707574664,0.9234396481473488,0.024232123471937927,0.7916545957726561
0.28250710699094683,0.7472619737772828,0.44017987549834603,0.01170328740872395
0.4331443991769427,0.6965920547511821,0.7873026589616139,0.619977371440418
0.6586130482478119,0.12917964534937465,0.5509663739774945,0.8242860684145578
0.7123925692693499,0.38094391412039563,0.08498328924436704,0.0433533012244699
0.46253592348542727,0.4936531398927245,0.3713935203872335,0.7208020154174767
0.1938872172520384,0.867511463456323,0.02059025415997262,0.6720717514467728
0.042533220406340555,0.18716453634976993,0.9329473011419085,0.1339705165296382
0.03425088868789683,0.0716042372194372,0.5028496391754711,0.7963009013722462
0.4896521491193141,0.3003913847966676,0.20410470536029857,0.09876334797854536
0.4366195906058238,0.26414101931406586,0.7842946086600917,0.07996495921398183
0.03620340815770284,0.05779303733207097,0.4045508025496186,0.14934580973263256
0.3590027287602032,0.4151011202110232,0.9392077460515896,0.6106197686258964
0.2759474012221339,0.2629540366701677,0.6232070190331679,0.08537527290537394
0.5421173849251557,0.6650166023477201,0.6598239847871538,0.019130176870625015
0.9172978505116581,0.5640174892430452,0.45528152368802055,0.22024641803686007
0.49469139084662905,0.45202353473432755,0.1524701064788062,0.8144116819006134
0.05390782741818079,0.291082695704428,0.16553747115694728,0.3942957204822295
0.5451636360664253,0.6313439598256213,0.4983519429733212,0.584737923365457
0.7103710370800986,0.2682565392795775,0.6028555799148024,0.8981658738366138
0.20744898909565346,0.8928572709273778,0.38723670798883336,0.4642942098252666
0.6769661163892242,0.518200133075287,0.4314963936814292,0.3217341155894259
0.7693160334098808,0.18606422893759922,0.38691018558119317,0.5700580146440445
0.6586719899311431,0.3481340435900948,0.7256581044659168,0.5807322283917894
0.9504651453257349,0.9620112249161931,0.3957746162764394,0.639737100493038
0.7894917695687671,0.8044476998819504,0.33332178139792135,0.49789595371876305
0.7028182570165539,0.017333719739514253,0.7152312197010086,0.9921100635269368
0.8008132636273912,0.7113278951192433,0.5322798764187437,0.3277563364356215
0.2907112691681386,0.8899683255641883,0.4219911668755626,0.8382366819910629
0.2552063642877973,0.7233575986728205,0.7306120086161914,0.03156331595626949
0.7241707746307765,0.38733829999008895,0.2070111616871655,0.9686262040021681
0.7779668028972105,0.09017825276946079,0.886295542282691,0.953166197248699
0.07180815333759294,0.38374808500490887,0.06796093356853661,0.8488238325580678
0.5654402704568535,0.5598298052803922,0.006437684526934828,0.12849540313984376
0.10915939143232889,0.21908635871497895,0.30986666469306334,0.8955337419430158
0.3108295859144561,0.4008100772411395,0.9974337934520976,0.48061964507871346
0.24392123003483202,0.803948388685652,0.4678085348588289,0.0531735478243488
0.8974479281561623,0.6152769720766451,0.4732011952917584,0.27849443814487174
0.9618073998082975,0.8309460998487448,0.31839160112886766,0.3010163489477421
0.7842612220229069,0.33622261676433685,0.5267536020926453,0.04477497705101863
0.4721395839190271,0.8926363244124735,0.43860652817077617,0.5798539504331565
0.052175151798277586,0.862871007521222,0.9648677371748438,0.9719676596165017
0.3396209483658965,0.07945040423361083,0.12490979307932504,0.9812060802167607
0.15640811944937083,0.5158544005037493,0.4314636339159863,0.9309474303896593
0.9286476553637121,0.5181904385983753,0.9350133233517347,0.622207665221835
0.20164730133141529,0.23920232341338843,0.38861167201314784,0.3279322713188946
0.6391682621584107,0.21412077389833928,0.651768584023837,0.7010828723005568
0.8428174363065172,0.33748109240097524,0.23463103651621975,0.2044961909659534
0.3379375924691743,0.5254712815091016,0.11242894675518866,0.23343956330366133
0.181581782229699,0.5899592446658611,0.31008794426768327,0.6200355996606705
0.905860665308022,0.2126834021245525,0.5268270358068549,0.33580538332063614
0.9290198830909995,0.9313495504196063,0.2931257868758578,0.8972774246971053
0.20857692331526423,0.9317828481930989,0.27794573799184485,0.5162707648067586
0.9380540440269883,0.5677381861026998,0.9978815975596621,0.029441734455094792
0.9146715684778235,0.7991367466810995,0.6815956997703714,0.40129472421898227
0.9978986558486689,0.7844093867867089,0.9594481589572897,0.9265825215602588
0.9939509468004449,0.7774254786924216,0.12615349465236092,0.0048049437347003066
0.38251743037901864,0.5659845417035543,0.2238252726397999,0.9855502257331462
0.3762561516316769,0.4946351402022794,0.7527049178359249,0.6436715604186495
0.4652810034192092,0.8668804643959083,0.4615949505488127,0.5958724438001238
0.4469349502197427,0.08955776464441934,0.5503428566581899,0.6221969673671179
0.08601363299756293,0.9124135744630094,0.33932846549978135,0.08824090643769944
0.7382104389793548,0.9651603488660867,0.5062814129981533,0.7704189599401531
0.05830093543438264,0.3735804377176739,0.7646395470698536,0.7901590587911214
0.801359050769917,0.3821894940949754,0.7718097478037874,0.2906879513563543
0.9729947746641868,0.7316927624409688,0.15876225855657244,0.8395965146379972
0.5523545705523761,0.10368613557182071,0.8405648071286944,0.8101799756869041
0.7130567688406247,0.1293420099285164,0.5281265318498679,0.9898121830966108
0.45590239148203193,0.8597162691246708,0.7974826771119109,0.610022331287724
0.8906242832658784,0.6022495697536645,0.6776100977723724,0.8998362919964863
0.47256421366161716,0.12083607905785121,0.5527205123716225,0.6946195021012158
0.48918592842012465,0.025196941438278442,0.30257715230039983,0.762720512391277
0.5122839479449711,0.597829362858312,0.962853221482713,0.2573847298678248
0.9251914515457227,0.02938277121669053,0.4219461203208359,0.4993089549139573
0.5712068710720628,0.15732461914276408,0.16900137742451904,0.9557952240410614
0.2755251777572101,0.8986458490287542,0.5248532441374698,0.7672893255420427
0.9427074546638191,0.6029695590986485,0.5152276875996873,0.005080521794685322
0.49654538724018005,0.009950225523202683,0.5304975643641565,0.06278317114818888
0.09591251712747206,0.9133374943253706,0.6952348953413504,0.011053800272545211
0.40387582315847725,0.32065106167501356,0.8294926613932304,0.5965564474366883
0.005172711159890042,0.5763329229734826,0.4796290175667407,0.7116902647788209
0.9684333550754184,0.43814318925517826,0.8594253648765405,0.3670594442951448
0.2581508180852945,0.8526428518599346,0.6736436275919881,0.11742767701324563
0.7373429102136251,0.4442149088208238,0.5795070444758743,0.6311483768040058
0.6770909265983546,0.744697686491572,0.564902959611424,0.341542943289193
0.7225022819562633,0.8774648142660821,0.7333808454662477,0.3622700400930967
0.16691960974573972,0.4445842027416038,0.4197896589150192,0.7101788831353839
0.01581450900249426,0.27290955946579454,0.3723668477442267,0.6485096390875938
0.743696166528655,0.08582595879629384,0.861253445827392,0.23035124997101575
0.8370846673699189,0.7629318623326273,0.5443482254977897,0.4791145232494667
0.3465558664420012,0.05840261766989763,0.5223673877882591,0.26972914439598383
0.5621246926445618,0.7951603957529463,0.9157735597640865,0.060162118073928794
0.09249014861473082,0.7056188639661842,0.6706526521695815,0.6741195598372592
0.23277981472626408,0.4965494982129549,0.20425500342397418,0.8616751725380474
0.5216856145410702,0.8105286114268816,0.3671012086795813,0.26393822839341075
0.01841009567105467,0.46243707396207034,0.4401410736904471,0.9790189826883936
0.4351286498245822,0.3496138913519319,0.4768255604888719,0.5127504527029085
0.617519183164822,0.8353189405785815,0.7040924146416004,0.7775430495444241
0.35334662526387306,0.4966807734175843,0.15382806843350882,0.9718179070137469
0.08067727848733786,0.09307362444422063,0.480990724415709,0.9367166620036734
0.09283829697896617,0.761355142401247,0.04347573305834529,0.3359701977193674
0.7097800804908246,0.8701733336753,0.2587184574204463,0.8065190444967956
0.5902400389562708,0.5075689646783473,0.4813964840951709,0.908739128296133
0.41856011682472527,0.15497143098006272,0.21797233234750435,0.895797941399252
0.16367502624895602,0.9962474326403509,0.8815539269676169,0.37249186903364695
0.8805663840814668,0.12475837371109466,0.3492560548424839,0.2000278114120596
0.04594168359642137,0.526260430633807,0.10479578772777598,0.16605622468416037
0.695867865717839,0.2990040826627376,0.9954248853322716,0.16573869413904307
0.07012236844169473,0.6814179012784559,0.16654413031581194,0.9335965838477722
0.981079009403646,0.6639849908763579,0.5768099095026225,0.1570263593582384
0.694921879110302,0.7357038382547813,0.9074083624639416,0.26120796422822445
0.7445339470863446,0.17914368848683127,0.04827050431801638,0.6984523883751952
0.5455174026738538,0.7757010811656718,0.48095895474779315,0.0939116528562789
0.8329014735318067,0.004153769070448843,0.7879762896569512,0.13847684759341683
0.09234153893699792,0.5255359724863496,0.18038922692934845,0.9892739355451832
0.6482526780102094,0.06068902972125201,0.9462671057567881,0.4913684384941277
0.879438228852167,0.014481568325575345,0.564880199445684,0.29617652137504424
0.7704604474763613,0.0020531680174850075,0.5333287515318498,0.4190712968290986
0.8957952241258387,0.8569448180922402,0.5867277164710902,0.3669774116825397
0.26928679842814085,0.07393331594939123,0.05038499211518621,0.16952752122391368
0.40825434936038174,0.9259401921303678,0.8707998187922731,0.457962332666761
0.9258822886891049,0.5649903797082005,0.10622817944294283,0.552104026105588
0.5943661920008361,0.16739876105123486,0.16420172658060683,0.09088976567339713
0.16584906188964887,0.9190993888207496,0.6603316659104819,0.8135883338919604
0.07894256679346656,0.24199473333701604,0.9105948353003094,0.6885281553691233
0.5117997258892292,0.9033816976467581,0.36357636774439184,0.1485208135918753
0.9410127584973524,0.5805944075662444,0.2970535803378458,0.9771928824575501
0.14699517521318217,0.34574208444359344,0.018839735145322667,0.12173524355554222
0.4656743975245159,0.1998822720560347,0.6525927496208583,0.7105745141841217
0.8955378027711465,0.9574344061022373,0.8132688082886561,0.47223055323555063
0.2599512157066509,0.24078359557682782,0.10262531982104373,0.21647469734219882
0.8186057238958339,0.4822750772694474,0.1037754785726448,0.417275331523026
0.922644491442149,0.8963040737403816,0.16308628102684186,0.17883235038466094
0.179291992065301,0.007860848779950302,0.18700514106107113,0.1445124930103292
0.02854134456929558,0.8114019017259562,0.9638440955236736,0.15679265715780755
0.7636965795319725,0.6157397865280417,0.5390521125569607,0.007885775499976377
0.6194842079763252,0.52701867720614,0.43193775105644694,0.02344373725977067
0.45102885520289215,0.8925879898897453,0.5381886046825167,0.5912187004986394
0.011392063759703475,0.492906950625017,0.3865275987156177,0.8930302216035122
0.00819357757555017,0.5906212620681786,0.5677667495294342,0.5260930973540793
0.1564933284803931,0.014847445577995222,0.49954979030957236,0.4213829943854247
0.06247252862888497,0.22478431162498913,0.9827855833182756,0.11036969622045745
0.7482931915914313,0.7773110538856163,0.9681043360338684,0.8269672957699729
0.5883783782016472,0.9565530945602956,0.9343348454829217,0.6423587666403319
0.7308712431787202,0.09879566735769141,0.2688570595132944,0.9131856132908754
0.4933816011785317,0.41582877569099674,0.1133715604968224,0.1335869173749712
0.3357853017705976,0.26917113469834564,0.7733787813543708,0.5605943745244265
0.22122282483960354,0.4836963855359808,0.22967532275624158,0.04284031507331543
0.8256796291480241,0.9129318143720645,0.018240386940461928,0.7124614164717963
0.6031088909535347,0.38280479235994413,0.5839622235639309,0.34071830676390336
0.004194554650117199,0.08442234427685624,0.11377965797273126,0.9963242846872745
0.023369498530491972,0.7280555082199601,0.2252346384666718,0.3205937549368535
0.40697273859857575,0.6591741139612555,0.8266537128208044,0.48205307313138424
0.414056965869389,0.39752322449153776,0.9030160499241977,0.42932550380814594
0.9758149497490083,0.9171724854711395,0.2993441219776717,0.35281769865926693
0.8344122453222808,0.17776409511469837,0.7386001594514919,0.5692307062688469
0.25598611924327996,0.344367506984235,0.20537427504532257,0.991530584949642
0.5459650325867598,0.3569275815458641,0.9040127144590276,0.9541018148829263
0.45419279561237935,0.47035491709892907,0.0758706453449709,0.6867987086856115
0.2820671993548646,0.4595382762549618,0.49731090581967763,0.43688318961765005
0.24338227929234058,0.9374347660997497,0.31480984291683556,0.7314395131846155
0.22844190861515334,0.7971670200376059,0.4323076746889848,0.7103027977761798
0.2766035962877491,0.7907357606433258,0.06032125335540661,0.20008194487427622
0.585041476325909,0.16329977647286442,0.7114518318389171,0.3349870179240607
0.7398497363462205,0.1953652132346252,0.06156957767679072,0.36648804498216236
0.022057369891131162,0.34006803890590775,0.5647097468618618,0.5598317146714159
0.6450547297491696,0.8204364809886457,0.07526123638288074,0.9561967859754861
0.5630213629935412,0.4345357708286325,0.5315106607636216,0.5903873559746152
0.0983281122209676,0.23450930663107838,0.023990961319339532,0.15085161917422718
0.7020751510273631,0.36290740130108123,0.970794663546982,0.09394301700894425
0.7520480413767139,0.4708628230745442,0.06686933592441857,0.7452862277059052
0.8700807505924272,0.8253679366146889,0.7396633741112106,0.09036709388459052
0.7200210207440693,0.1203878452055096,0.7079340249940822,0.9310288399191299
0.014999458964006451,0.17235132104310125,0.7014648563161631,0.3290353392645221
0.05432707496519862,0.08655083843315114,0.9657688875828658,0.19688478925107566
0.090775344685178,0.9864421189516585,0.14402377706730696,0.37695311295187517
0.4031680973055195,0.9306574701254801,0.3976143623781798,0.5103698670692121
0.3721075705182907,0.010905106748944404,0.6899097134060037,0.44656454695277437
0.23293527044134388,0.22429119109709894,0.41835027318655693,0.4344744504125786
0.2560025401123671,0.7309008375532794,0.5966318047937029,0.7097332796927774
0.9005066585347424,0.8142044730210235,0.5068128496808255,0.3313293791517573
0.8034704474424479,0.6845601704858871,0.4995478906786627,0.8259798159173232
0.9610122913751196,0.5963207364117407,0.05920140028574283,0.6534224639746388
0.8100922612943371,0.47034801937406134,0.02810460260796388,0.958546146215447
0.44305622733804184,0.3359694582412821,0.4132797664610297,0.17542141112435028
0.37175540045193445,0.5613292016454415,0.5320373038776002,0.3584786861893292
0.9143845903826696,0.8312380996047193,0.7794967570856624,0.8118163893720172
0.1563385111410336,0.4532312859514085,0.13069264505128542,0.6357416781582784
0.12079846155976981,0.33693196223707667,0.9479566496536087,0.8868830671765515
0.5901172455731094,0.8005313167732124,0.7863857605848273,0.24923958680590796
0.8542078336126026,0.9503194845946892,0.6284998116496755,0.2546367367621395
0.9107681688411006,0.2036801066756323,0.8204236888543595,0.3525584912883253
0.8097609355722876,0.9021613216003571,0.5737877708159763,0.527191810790323
0.6345037904106728,0.08678207871895027,0.28167984673811775,0.3195188059323939
0.2764622466255172,0.23145440143095863,0.5799386603990424,0.6895620181438891
0.16479173659047375,0.7119006709720782,0.9398867138084148,0.8694381721986392
0.7455142438076331,0.8307726846051259,0.44153537944489374,0.8206609350456883
0.843318627421939,0.30894486425619605,0.5417343622927846,0.2794672656555307
0.3758966680310357,0.4645525188997437,0.3393929102358487,0.009541568250682975
0.1056594102043642,0.5501729548850467,0.9318888766860727,0.2686684365608283
0.22054443259565204,0.6103523486626272,0.4520513925296922,0.09218352237087546
0.05900830196118445,0.9725942486514574,0.6394739462699504,0.990024811941483
0.2910443834240334,0.34000988453899406,0.7327981499102024,0.6715867340156805
0.31266680083362786,0.292293233109889,0.7478357666701749,0.8998750855935505
0.9057713349023012,0.36285464957093594,0.6497628884912837,0.9734027030393306
0.5119137624777096,0.9625305862215858,0.3563249409892493,0.9738977563716892
0.9406556939926876,0.6059920897285721,0.3600580013906792,0.8975910053714025
0.25795806252523656,0.1916613761291447,0.1067469673319098,0.29685775325634445
0.8400200004215675,0.9074033966168189,0.2590778852578218,0.3794913757008027
0.8627195737965916,0.8351036225852798,0.6773939369314748,0.685226397655174
0.08613633198850135,0.8797999003733472,0.26724000242596324,0.8809067369904109
0.9860627362857723,0.7755950857079819,0.6564411137485552,0.06897472781375436
0.08441906801258914,0.15741710734110803,0.3969313237296448,0.5368352519384911
0.9646759709830981,0.8166066450856235,0.17976858571574583,0.33119929372294377
0.892992557728627,0.5768464734432194,0.9648277561064508,0.25562797551021843
0.8929850763824547,0.5539193693045396,0.3094511824071843,0.08197089634902821
0.07766837506107938,0.9702718457841277,0.3306240245823808,0.6556447341188594
0.5813524875064624,0.08426948956038072,0.3272184952188981,0.38895754299195384
0.6375389551000523,0.7462148611258774,0.6341383855199515,0.8955266763055749
0.11587122593647903,0.46391593729287106,0.3816374222972476,0.3779456790680227
0.45124818321045834,0.4104973090528231,0.5215903506443806,0.7633645896339933
0.47372331816112556,0.663499706774744,0.8830331081798688,0.15047142131086344
0.3907923417949949,0.41278381177592804,0.9863255279660793,0.6478843098526775
0.24531078115711713,0.9813688989019299,0.5027123432458471,0.6118426921918665
0.297660487642577,0.9370067175945619,0.9984664711153364,0.5012133236624553
0.883219927894378,0.5572295637301288,0.47942464379430494,0.4797778370049507
0.7885828507707165,0.07011084244288102,0.291414121532829,0.41813728215934387
0.96893041859223,0.42777902567073856,0.7137481413908742,0.9221429219980155
0.04664879525946464,0.8453129281692525,0.9828462332461327,0.994293921879877
0.2017140036197813,0.894697017886021,0.2795815340711928,0.6985443553658933
0.7660003386283153,0.3695401572021457,0.684424557630102,0.6827037650447217
0.62685338416545,0.5572820045050539,0.2159783095154173,0.8379852889360867
0.29362289724054635,0.7688056672827871,0.6730681486748378,0.10008515151317088
0.259345836477746,0.6900334288415143,0.14906738630995464,0.787260269250303
0.34675073274437707,0.07098700286462267,0.3998036006266309,0.043750100913333534
0.8496108884839005,0.03400398511090208,0.2933286283500923,0.3461317990135627
0.205307896615343,0.02142094809407935,0.7150311501638091,0.6396228994037647
0.627277255262341,0.8142721311425365,0.8579491265207277,0.9492514384448295
0.6509079301439495,0.8203981856419683,0.39158168256195225,0.19432054244453734
0.8494070503670993,0.7004970325915199,0.9992464344321142,0.6096888968634832
0.44876912910566136,0.11246248434196982,0.21555580074366432,0.4853713021875343
0.8648696786514825,0.11747908794418538,0.7457682229561321,0.1653875201214654
0.4746851507125063,0.6762696109155077,0.7986365756231909,0.4444343303217495
0.009444143443966824,0.07771596021161986,0.18876483226574203,0.17722540325763614
0.27706218835693397,0.6113886722643169,0.6633407031653802,0.617782655875165
0.38101971828369463,0.9552619922496292,0.9713101655154218,0.4607184720440618
0.09430262178466009,0.9842283486715415,0.3051918385158676,0.42407197825940235
0.08449543559279982,0.8318371209963896,0.8321360985040336,0.31964809294457885
0.15173946070836575,0.932364966998359,0.6544031528416695,0.9359503424325977
0.3045389970330361,0.13708763077919428,0.012986253901046463,0.3469654634441054
0.868657541397161,0.829700746198255,0.8030447525946024,0.5409950396684874
0.757038088828933,0.01566280482737825,0.6694578238878639,0.7468391396480227
0.9229473700723007,0.5845509295466179,0.6315611611485348,0.9979006144299088
0.7904329626316723,0.6371470760222401,0.22562295713076885,0.48076573938668765
0.5017572463869342,0.25657929273700786,0.08916310129261151,0.02079835747473857
0.6248277111708561,0.9412050004813464,0.9173903600817893,0.24925833881450532
0.7080597963518585,0.4890435466708857,0.7560502117194825,0.6947429536860237
0.7806928957189325,0.22030835268333437,0.421944345825058,0.42511395279858744
0.3489929662118907,0.4301650948081507,0.3516798435387605,0.3896532226640934
0.13559252670073108,0.3717204630888664,0.6717850359940742,0.22477001734361435
0.826589292271317,0.5647545086907888,0.8564999756523813,0.2582540435371651
0.7631137311284737,0.9490198153893007,0.7787779766993409,0.7265113203495122
0.7962792483508113,0.39999305832742493,0.2079168778279019,0.5158744674499185
0.3862000685130992,0.10525133313137247,0.262166707157261,0.676579102171622
0.4745212948224413,0.5456332381931565,0.9327963826882293,0.8105921340353798
0.29138346571891915,0.20593265073868294,0.9511572861202581,0.6971462239640447
0.7335449623939067,0.4216449949469928,0.26509413673646387,0.06785875333241598
0.49654656694492005,0.8199872213229532,0.11724529427108488,0.2113133256123616
0.45412555911966535,0.0035618696003063555,0.634317141720986,0.05765053036706058
0.25856314027217375,0.8071755474822938,0.26724834654862784,0.9224241234975373
0.25344751304714197,0.7230387272646354,0.32157831158388817,0.8647079888273032
0.5609312883921247,0.5866629339687518,0.95282609568664,0.15337256623612816
0.19862366990536162,0.3853532531556282,0.23049198737752818,0.18742747852145314
0.2394664727710727,0.894704947411548,0.12600289011658605,0.7680724143394763
0.05093190138470449,0.8586731533258704,0.4555623466222233,0.11190947840627297
0.36722747331171335,0.5823851582256205,0.8245870142687555,0.010855261072612477
0.44285562885588714,0.21077906560183823,0.6355763364144951,0.3609501181205266
0.39280747949008044,0.4684057910553887,0.23532546385752817,0.485430802988575
0.4297495842899398,0.2344822246315338,0.07324836152778669,0.041540526636568154
0.1028821900115573,0.1183048462165407,0.9670852541568352,0.8648783897214957
0.24044551815716653,0.09229773984066536,0.9944800924136227,0.7183199256697297
0.13064379606503518,0.33070857800585596,0.9112030036044736,0.013852342635679027
0.011474952320530862,0.5320856992581395,0.6728791989533027,0.7740341710926455
0.7719663865632607,0.7043272705846361,0.9367507895533549,0.6169487583529252
0.7874031565731108,0.52415794091215,0.4677373356456651,0.5563911697999504
0.7929343964845915,0.7846234343324281,0.3579056902144061,0.8830246137571577
0.9971730738972655,0.23057585080920717,0.050686747744912775,0.5317804800760607
0.46464895028715425,0.21054612295491493,0.3031730641765161,0.8150441690594854
0.6367499089911868,0.9041042628247553,0.9656881612535624,0.8253240932427839
0.8472656947391419,0.08993033638919745,0.7266567397693382,0.9267504837037513
0.003967085858718966,0.7398977360029695,0.4124775330987027,0.2552991006491977
0.0049309424025373305,0.8603930890311533,0.38780001066404335,0.3721775036780113
0.155933752790835,0.9671283902567595,0.5335142229845983,0.5770694597526869
0.7086872557667481,0.6152060401336858,0.32506504382856893,0.8347223034500384
0.2013938526504121,0.6043860610235614,0.5586978524264467,0.8273288348726009
0.09747084535452821,0.8590220067831537,0.3963046919089085,0.7810647939838993
0.08190363481486607,0.4649992799197832,0.38799034621680517,0.2381073077231287
0.4374054865519922,0.849296495678127,0.5097524288681027,0.7912876578798088
0.8420372419416069,0.6571279485569343,0.0923620491976419,0.7180549681597953
0.16634850690802294,0.8793837679391223,0.5406093957263024,0.7038577221731048
0.8379309870735938,0.3398102826499003,0.10764867189475391,0.5391830806206711
0.3976056788035144,0.3739160871130903,0.0049713974709186814,0.2134253379938721
0.28151685468358767,0.18977260720889744,0.46231331482739413,0.9625633162411731
0.8305168616069761,0.5404116338151362,0.5144263660882313,0.9034610447559621
0.5725047723655257,0.8481272531064098,0.5762247857705478,0.382803497136606
0.12902122349877498,0.037940309195329536,0.9489390612042327,0.07571287365293744
0.09071887171859383,0.27778231069515535,0.8667683323013844,0.8110792990787575
0.22185650216421915,0.3998276290789208,0.6401884662191993,0.851209987729876
0.6636339327560011,0.1602763389483416,0.9694080411415743,0.5776883139867114
0.08140578609554339,0.08187292622680786,0.11873349390989629,0.8037432070915556
0.5827368362303589,0.8435728748367943,0.5283640379980846,0.41376170118161804
0.07594479570428292,0.016603283359459486,0.37423435406145544,0.6233197946195158
0.9889602733976225,0.32555601715848537,0.052613592109050256,0.6992525741203555
0.5340448028641286,0.3585990794851821,0.8099701340380032,0.2690874282479391
0.9367882071813759,0.7887521015361352,0.0204209882242129,0.7794584323632392
0.1443140983981831,0.7690998386120972,0.16180702959840576,0.2130228421195881
0.8150523628230734,0.506978325819317,0.8578929386995298,0.9350527100849166
0.5190331127374024,0.32485691968952457,0.4183765985555359,0.42286059010129173
0.23733344615489116,0.8754033849788724,0.8095897772000722,0.04733329364283301
0.44853175055739936,0.3972036565835322,0.953383415019758,0.4291974630432638
0.35211703720494625,0.7513753245401207,0.5021445923936975,0.15044796557767515
0.6306640118694771,0.025690880975036356,0.15259302324183843,0.8984220666173756
0.035797649526487674,0.45095441091835364,0.5113850500865279,0.9598788269494649
0.4928246485473524,0.1985343729347917,0.36287850722748993,0.39280995008884767
0.07891810057803861,0.5164099124846308,0.08157717178881063,0.13610843310133802
0.5295379337703802,0.7438260006548087,0.8638711733882467,0.49127836225819543
0.7967264591054493,0.8244030217628627,0.024525380413086162,0.24600722479856763
0.17222155883356116,0.822799278584298,0.25202444029720383,0.6893683319499072
0.8146421883687724,0.8279146390740851,0.6535664426105191,0.539596213611527
0.4360785169205086,0.4706088257250126,0.2099960738741249,0.2802568472241139
0.026509912966783178,0.36432770253900937,0.7276181315472396,0.43524969823451487
0.0736073792680354,0.5152617717825893,0.6107490166067291,0.9882004214562727
0.19208438490050617,0.9852353200962334,0.12297452201391967,0.14922572557089042
0.11775076485439584,0.9497310118626492,0.021070882526000867,0.4121304025694996
0.4113715065639211,0.9835459702292662,0.6865040609373815,0.28626701921827413
0.1790012543480134,0.14079809758288464,0.8228655820364171,0.32362923671856936
0.09071121260763282,0.7852653503885996,0.5581967295099496,0.025380044600823548
0.5076470202103884,0.7167196732617451,0.7414759166293351,0.7799663531562455
0.8705252153299522,0.189252319544571,0.5901996234552483,0.8363785313184621
0.6831839796880105,0.5783902146664116,0.898281131438099,0.9310610871485409
0.9920289429245386,0.12620907462383268,0.5925981047861627,0.0403768306736797
0.019622989922617906,0.17989882974839533,0.21817887056829954,0.21994440381175095
0.643590457869162,0.8370645236249199,0.4983725803234528,0.17798053543233527
0.2996625318165542,0.1491791271965872,0.10398201273376573,0.8643871302663216
0.08360467447899866,0.974259350239942,0.904222047039066,0.05258237719910519
0.1278516616564347,0.11621960165206136,0.5988297751960558,0.34867163231680876
0.8727698563128771,0.4940720436504913,0.5447270394755068,0.3827266750550524
0.3095666077453857,0.7705815368511775,0.3122410012266872,0.6126002589370869
0.6979549905998673,0.7883645757943955,0.20634594041310206,0.4543721185080807
0.7033982242103652,0.979318973713978,0.9403060920664644,0.3228245003883675
0.972203142143993,0.8855691417945365,0.2692104291983376,0.5726944747254548
0.8886425512889075,0.48232545321929143,0.017293868462667006,0.7336300877618059
0.054306720709608514,0.23614070180248647,0.4308829752913702,0.976217427461498
0.6760571472465767,0.009194671908041463,0.1790782287267204,0.8444719068944507
0.5507516461406902,0.28343246962600244,0.37440371722014953,0.9150027290664792
0.28651669314306794,0.4578644671888642,0.0784310270683628,0.014957274908909302
0.3354069895512596,0.7555813475086992,0.1758596164251991,0.8766701791574949
0.122511598565744,0.828130425671345,0.582686088035149,0.35535176550637515
0.7150026874720035,0.09276570460141442,0.6842984844631572,0.696902316008105
0.2858829286905975,0.5555929038281653,0.932653373036544,0.1577073456410888
0.09667704113817366,0.678055265780321,0.6070224822488691,0.535531794724411
0.40941458353590543,0.3843738261961188,0.6451149075338896,0.6977124058859555
0.2264208326687881,0.17223229320393163,0.3436178452044246,0.4933112840419903
0.3666319536528948,0.7340337147052897,0.9063801875419684,0.3254808598385852
0.9221884108197829,0.009874611157180357,0.05361180441217639,0.26294361346759054
0.2837375033241524,0.2575072031291209,0.7848932397777899,0.08443608581304818
0.20182789400223522,0.5916916942894176,0.08796247344012564,0.5075725648870126
0.681681558705186,0.3668456560569241,0.9775614057432935,0.7612071419352118
0.6893902987892129,0.6796298537014703,0.36702734755662725,0.5355127223535193
0.15212204327658363,0.8531069549217544,0.9410424873296859,0.9723076386470142
0.3731252213522541,0.7592706522658268,0.32715030200488715,0.48975140747063595
0.6306895021864837,0.5136404701497926,0.4753871210682664,0.8589006485368479
0.01208736469317473,0.24329436839967034,0.07207359421374715,0.9374692386188078
0.3656124363974491,0.4831551942509401,0.08231467258272407,0.4822061939668937
0.5347069221089242,0.989768313595291,0.5375355716706722,0.11184804731779652
0.6266011230674022,0.6262191600135047,0.9294118577881317,0.9484460442144218
0.9918569069197073,0.5972978696089732,0.7279760836398299,0.6107345948025654
0.7869367431647413,0.11881904834244628,0.602695449626319,0.12109299158208053
0.4920636444417108,0.7175189360901358,0.8515092080750877,0.07980984553589598
0.6881743129694349,0.7779697659328575,0.6617847509154159,0.10890218725904088
0.6057157720104525,0.8356690625074262,0.1378063692092495,0.4353540472970492
0.2866282629424266,0.4107935161735554,0.6194095014800637,0.3079391199220306
0.49043474067810433,0.41371581131975876,0.8423021520608817,0.7020442046812365
0.9087201309331997,0.2979296426015339,0.32958490739415003,0.182032175636338
0.29482311138920825,0.5519557313595291,0.5049117441383527,0.6065309314085591
0.2314371186573395,0.4451748940372722,0.7590296922926824,0.2156102735200085
0.9339856687999206,0.16169537574923498,0.4448603991851704,0.9676880286303702
0.506681851761293,0.9145272809901347,0.3241239231086517,0.9393346697515051
0.8099670033418465,0.1960865847111617,0.9668000116120486,0.3061124616282753
0.4849287986527563,0.28673998334978357,0.8254580169627574,0.5301851835108111
0.49545520490300743,0.08337511912957762,0.9686107355199716,0.6473589460791311
0.3062264291392254,0.14552999151435553,0.8191903368001273,0.16124138546870104
0.6604807012343594,0.9864094295350453,0.5965905924247202,0.715379730634232
0.48447807262120346,0.05340517422887148,0.5744242583282608,0.8887498113481261
0.8845451422480525,0.023754200145071458,0.938437301142453,0.5655785365475213
0.4595825352031043,0.03215962002743955,0.923924103085929,0.394271734886502
0.43422004326225094,0.7270228262235869,0.13751929134745677,0.2646849174815513
0.8597949811141775,0.2656334766728462,0.29836707110624516,0.9412466692427204
0.24883817724378643,0.12926582145035004,0.8075517251671658,0.6840738697778351
0.1955557414967497,0.9652684378702858,0.3561859616502663,0.7884392752194767
0.2881038966191436,0.7281894417994043,0.1616341087491625,0.034845752868295166
0.2865059433020871,0.97358146577653,0.8555456179929819,0.6583419434573662
0.4100838667103427,0.09733748048839419,0.8834994023508614,0.9781850584650592
0.8296197254584796,0.681637339025585,0.5012826033537039,0.38891647465338497
0.4681694115068965,0.9320388007721196,0.36484885760409913,0.22460651357498995
0.23596532522231473,0.8497160716737128,0.6413900969503514,0.7605243708743074
0.6238041440619779,0.8134678366185658,0.5555108995093826,0.9102369970622541
0.33668147146126626,0.9107848671413649,0.057584444427402626,0.1819642133883005
0.07932621335405621,0.5343599687013793,0.2134300094786027,0.9971902245411352
0.7329384603066607,0.7869101947219604,0.6426609017610816,0.6319885791456229
0.015583150217127861,0.9765000450819351,0.29458865892845354,0.9095259834865353
0.3848754004711453,0.32806245711572624,0.0498961810773636,0.7246707761283364
0.8498884179469753,0.7621003165049431,0.6765971170678816,0.9613647721211069
0.04305122441559506,0.5970343896250828,0.1123394256502569,0.5546565899772677
0.8633736143236193,0.9645233715408087,0.9457920467007106,0.7946390762494211
0.9365930293060499,0.7489470638456983,0.03670871325193881,0.07663076993655171
0.9238238145032671,0.6330709825350729,0.9803434269469046,0.4252789496924364
0.8367639670070687,0.050461143154483246,0.09827062884877946,0.9351980082281864
0.8463178605505134,0.10911873193392918,0.8152481837647638,0.29103800096289933
0.6795635475663782,0.7189505153819432,0.6215022307332765,0.29691846534352206
0.9747445951940729,0.1484642063713394,0.7984791674897962,0.07910867252401232
0.8537411287614132,0.9007175642885162,0.7444828058785251,0.36597408481909766
0.4676871785712954,0.7147529898817655,0.2020015008317998,0.4661522816356978
0.3614173217821086,0.1289607845739701,0.28357049140283475,0.71252548332724
0.1041338933315572,0.8577848391637694,0.5696792438529964,0.5711727221882458
0.3791057363019149,0.6460666991109321,0.39544068483799133,0.8891099034874596
0.4979940991831334,0.8913307402131331,0.9500406439708212,0.015539839062465588
0.6331519652737262,0.4553959773176992,0.09190115000928223,0.7313591564049928
0.7469520844424992,0.9481846843452437,0.989047730806929,0.5491467891472703
0.20024297211166342,0.3799985344909007,0.966414184371639,0.8631480869619695
0.20177510003110888,0.22584384330181817,0.17865501177259369,0.1316915263252748
0.4272781787215052,0.5929058434779363,0.5310879206523174,0.6686033332844327
0.66722509288061,0.04095168274682748,0.1494858912863276,0.9715397034161795
0.9429780323785698,0.2617006071008684,0.6867412071660802,0.07505944523842123
0.04960876744497844,0.9107239846651419,0.8583806475786571,0.5825657045616753
0.8651559864600038,0.12469897301481192,0.5748203846073514,0.5430379906660289
0.05848842822651401,0.5710256037052985,0.29293348276289954,0.9042143360822104
0.0665218060059718,0.388941972113782,0.14372518813592527,0.47372399225562123
0.41901726006331663,0.8786808459704042,0.5284329459579611,0.09354119071183264
0.49312156542741525,0.6113720237063583,0.5715544666744684,0.3797967481024057
0.3442654565025324,0.16043192586739563,0.39799513048183077,0.24153409407570914
0.6637058730740418,0.4488624944762274,0.07136269367863779,0.6291763725874562
0.8529101025661302,0.2120485672965684,0.7743677922416474,0.8275146204341031
0.45818126254106883,0.5539937733224658,0.7806516388093805,0.3420195164483453
0.28274641809613543,0.22001758559666185,0.9656369094461912,0.008496761142981812
0.07546234589691769,0.9825856602407804,0.7258069620322924,0.8546529377136021
0.8160981116853446,0.0379577975145835,0.4051411643603847,0.8625843409282643
0.6511666985947749,0.07094704085722192,0.013124870004823763,0.27796671694429187
0.6060085477366445,0.2931336969419829,0.9191060239960233,0.5129693235277989
0.8220753676270194,0.7240247485789584,0.4818500716025569,0.15584384907953863
0.8516291927742977,0.1894947693568826,0.00607776462559495,0.23145767654732585
0.09310017316393338,0.7803220907199591,0.6218715880749232,0.11703581260790796
0.6345392467752817,0.4202992764485939,0.03522120668291151,0.7200411877577234
0.0915187597105852,0.3388617349364984,0.8499368579180214,0.6359583962532347
0.14724566156137064,0.7487408097727664,0.43046386778641443,0.4126003775093052
0.5684197649890524,0.020573970715013545,0.642875603645188,0.5820647294329244
0.011223986701275335,0.7316667252482038,0.5137907753487411,0.14956875341095976
0.251854782909819,0.3285668208461483,0.5046289483840087,0.7878546179854441
0.9288872363711083,0.934879769446792,0.22094787899263313,0.36375791762299803
0.19323739771425696,0.26331995809102127,0.46902286588738984,0.13694216173623264
0.08453817742357839,0.9771357546162579,0.07148460560777914,0.8991386981604348
0.5520412768075555,0.7235140891903101,0.13295724959434252,0.7758681616149837
0.6321580656806159,0.40934637135065044,0.7325267004059417,0.14968717968901968
0.7505339476906301,0.03191861905546989,0.6908416409447821,0.5864379831964092
0.4948992890817877,0.8142882855975816,0.28027946057597697,0.020231781861582254
0.5576470820011564,0.20417108037919351,0.3295042132259247,0.5730184719722231
0.23127518117681334,0.11614449709577646,0.6995593133273057,0.11731852897508688
0.03218530435228173,0.12779401270179247,0.759290474967788,0.898837203937672
0.6783097898956992,0.9685636732087559,0.6993303286697009,0.7265140681240551
0.14777303276435783,0.6849476006514406,0.6533113845271841,0.4139395467295889
0.3602584462223952,0.8923362403981815,0.7479826370088429,0.15543905941928204
0.6284937996966435,0.6469985809992014,0.10196984852866031,0.5508236877381197
0.4149984055209135,0.7660015762355696,0.891225036709295,0.08120727894056701
0.7615485925896422,0.9279199941024574,0.06980877086190318,0.7332271013507415
0.9556791294820984,0.05036638959291295,0.5715522392404896,0.23530224413389222
0.9793893349970324,0.381928421427854,0.2580081103311084,0.5654778569799237
0.6371329075255034,0.6044605038071742,0.7627375473641241,0.27205856777126214
0.8035969772277842,0.7332488671421246,0.48930845950187574,0.561569624687908
0.9314543252444616,0.6320378877232085,0.3226132729228748,0.8652018317554538
0.6974188285546922,0.7999970827077868,0.4837157484925818,0.006231582767094124
0.5173017010946678,0.27841293997679717,0.6439375446599822,0.7763530264735964
0.20456267672965656,0.8417331862767579,0.3291215043687912,0.11213362778351899
0.6196166212664911,0.5312948895999441,0.29633016763772424,0.07323303012787508
0.9129210907276173,0.38660124391872286,0.7927475981306433,0.6235999609899707
0.8551329736582067,0.34542258701127504,0.9838476829885203,0.40931741869731886
0.3135135558052833,0.21659602812040113,0.23379382391610548,0.0035830666501099895
0.1565004785905939,0.4598857683648985,0.7252649934114894,0.528405325573439
0.2995870148669678,0.44144125685202396,0.13980084014202543,0.3049447357383446
0.3855799653848335,0.29896258946589016,0.5772704734559552,0.11923381545376177
0.45926172514658525,0.7589939963001593,0.7729385561519914,0.01756473874057074
0.5894443655300359,0.5859861154657727,0.12628364640026835,0.4814740981769573
0.4183587032489836,0.2095105539533797,0.9212424340987396,0.9354880119766295
0.5495490759228466,0.5850449625958717,0.7378586697195937,0.29866894812894795
0.6684655238290234,0.6992083182072026,0.19702296161999677,0.5491761311459892
0.24346710861047605,0.44737862466826595,0.5866879337262798,0.8051686609636957
0.688730729602752,0.09366110214874146,0.5880850769769854,0.4712415245985023
0.6664341260605282,0.07452347562600259,0.4220627337865731,0.5082816163927752
0.9618236616782447,0.2319784282966284,0.7009585380493731,0.2825257823545879
0.2362532995667178,0.40602301895201975,0.43916017240857796,0.9582324321942196
0.30538541382595585,0.34630537774425907,0.6036135018798647,0.960157568227122
0.14931806600406183,0.14276078805388803,0.4624293722663776,0.2952714522270843
0.4295725240188084,0.9131903578160914,0.40433875190373847,0.22911430589448423
0.05458012326805495,0.050488352672108716,0.4010494743062012,0.692419211864562
0.5304616989316006,0.5300774078896984,0.7240302699346165,0.6849267763541085
0.6751434220305723,0.5064165423851278,0.36774359959823755,0.3267506561138027
0.01429571323107004,0.93158627671485,0.7321447808710414,0.7907924449820061
0.6494035287817643,0.5634963468957114,0.33454382693142026,0.27113968089976137
0.8662371051031665,0.30498686437539113,0.8791347030882246,0.10708844872089462
0.7567754741798046,0.024296033199696865,0.5313560962528268,0.21346056552950599
0.4566232911855359,0.4494523623482336,0.9518285318945094,0.8079944562837995
0.8261383877054947,0.7401167431509718,0.2355637719359459,0.6545542487050597
0.31307418591956715,0.13838180539641476,0.8076373308862497,0.5389933101165405
0.1328692195577169,0.8228408640065888,0.21128499224443764,0.880241669073174
0.8147100614207953,0.02455905764037558,0.5371069249314419,0.7234340460534245
0.7728273637567182,0.6008084077249549,0.03570367195864266,0.9617454142317078
0.7849864341943509,0.7876850611908953,0.5910854451979103,0.03188522557754192
0.44708875642237755,0.22946297817145933,0.356747961522088,0.12227718304146418
0.7052782265672182,0.9545743930707105,0.6976499345984627,0.09672710496157033
0.4971217177350682,0.48513746581930517,0.5044625266848852,0.4037186331592332
0.9705185207623295,0.6840115997832434,0.46677520002252826,0.0963248348234601
0.33339434980482463,0.03370593094637364,0.2646824667423342,0.697465587873284
0.06665393253174223,0.9487569137518382,0.8428798154850494,0.5403643823721401
0.33756031406193543,0.9060625996310153,0.14833790106482747,0.23257776229841054
0.3729522781418799,0.5075654434184237,0.8101791956052403,0.38711890586427444
0.822268257296548,0.7696450730150531,0.9157169633576913,0.4043707989130485
0.24172556695408587,0.987370381808886,0.3105988948459849,0.630239008040497
0.4546772255734469,0.9457954988759429,0.12468713967572453,0.4389056549875078
0.2412896361481679,0.22220782313331178,0.3036641589651695,0.43751977093206607
0.9323249829182855,0.36618008287243875,0.36177466106653144,0.27510694765366883
0.5579595158572158,0.19779215776416792,0.6601885332700943,0.335411844361054
0.9030552277184865,0.6665257638164511,0.08415129690746215,0.8935407747482984
0.10052697777371544,0.48424127892408564,0.44030091702510954,0.6807495684823063
0.38233443960025915,0.9907843611303631,0.9639382790727737,0.33784845354547555
0.3155083188581954,0.34667052309216395,0.2458739260356937,0.5735848422799861
0.6307204031746809,0.7597405984736841,0.7782376725680797,0.4506516649990603
0.4773489535786327,0.383841325208349,0.5370602002357804,0.3805687846827276
0.7897836983999923,0.5110686453248034,0.13043824331245701,0.23272406124570588
0.8105556422422366,0.41771876125633056,0.2252956923355235,0.4255589979280764
0.1958648551863058,0.3455751826254029,0.10321924895596413,0.4713782443496639
0.6438250034485584,0.6309931556419067,0.4492349261822213,0.884361475749284
0.6218191234072636,0.11607475701621839,0.9132240562429421,0.3208253008831754
0.8538187017718429,0.1653209934408948,0.8729500178511009,0.682172794045001
0.87896056328752,0.458933274816579,0.1135113521473734,0.9916187509190959
0.6152288182248641,0.3919926350016729,0.2600205103349028,0.07574971976243516
0.6841283779963702,0.8579346101608742,0.4856355262223575,0.8642180948562674
0.3101803080570935,0.6949529517931158,0.2306877390658436,0.6018455527697371
0.511866927796884,0.7997991284886942,0.7646743036237945,0.8277662374549779
0.5095547519537847,0.5512974616093509,0.5222130065913066,0.5774371094805312
0.9326872780725063,0.061480072805010666,0.14724373664446033,0.5084538826872242
0.4759183197247401,0.842538301042769,0.6841306630506042,0.8224513205378561
0.5907667760997238,0.15140946037351055,0.8151035878909426,0.952010890530744
0.4419226526297838,0.5379555574843893,0.9549398686422338,0.024495805452458774
0.11939937601691741,0.8481508359694523,0.1527569499982656,0.857403138174179
0.8599314708655285,0.23070423216583125,0.5288370263118601,0.6186126783494682
0.46493633563687975,0.655130534895551,0.3391687337040695,0.9782501767771947
0.8552440414596495,0.11512549335297939,0.991144420683036,0.6899001862703189
0.27067597398082055,0.40864006482361515,0.9120674380239238,0.017954404842806637
0.10315492862778475,0.0835886755113916,0.988338999198118,0.43525206687861107
0.5804367354012205,0.07762839917438558,0.02258224404381759,0.8941787018182218
0.17813334186349805,0.6239556206460282,0.4447479958042836,0.530103893548701
0.6630088788206808,0.3863497431226366,0.40268505019881906,0.05971284784164155
0.963386030082931,0.02123628158897195,0.16578470569486758,0.5894125724442323
0.8784392438625654,0.949541726227749,0.639489609405812,0.27045080210946204
0.5431874256669431,0.49689253136081646,0.2974089095295557,0.6084155920811072
0.9070674448677029,0.9338260339231589,0.8986352190890882,0.6810639345497903
0.5819665208922111,0.2978449860904011,0.570231816601107,0.8966045955318762
0.2791050821385732,0.010802095337374418,0.34592691783569596,0.31197949970893535
0.15284832541366244,0.17651167693517866,0.8843547124695992,0.5335245256495628
0.8961983701585609,0.8109340264654319,0.43516696751348705,0.058016875462044926
0.2633106468508153,0.8071463833664444,0.6762997414918968,0.21026927379350524
0.0352745399818557,0.5622064535620873,0.7464323877853466,0.3393675915093919
0.752680701421243,0.6583967276052888,0.019494199844117932,0.7457342099150845
0.09007085767852352,0.7676128552274272,0.16826236561837415,0.5185060626916714
0.6059561178047973,0.7510906345340543,0.2637029604741268,0.5635585021800131
0.4341857701975139,0.23987608821294115,0.4850053613169192,0.164358147088972
0.17244548623594202,0.36273401407457606,0.11778997275324576,0.5549242349200023
0.4366589799814593,0.07592812017769379,0.933736046969808,0.7542892108744759
0.9301417354643808,0.2955734099593931,0.8853234320428859,0.9406512989204324
0.07058512908730596,0.0902911161268446,0.676302799028396,0.7961671083540586
0.7997181434557291,0.6902712628300477,0.8739373418660704,0.758977674174138
0.12252062672301178,0.0490510286769279,0.6995512124624913,0.09443721009261397
0.9666069297105291,0.8370106281468385,0.6118931037061979,0.7140451001411054
0.30513682653117735,0.0254377067775321,0.7383975666429501,0.9894301157210438
0.43628304987622624,0.20213858817659636,0.9862361033472258,0.05370311384797444
0.6682950428671119,0.29211631084570855,0.13195315034189758,0.017218803146916928
0.46809947698535803,0.7737163858389664,0.6141981247690216,0.5691952133252541
0.24437670624767815,0.778547180868296,0.9444400003548481,0.3759513434927557
0.6646856870096507,0.7474337471229168,0.7516630323364071,0.5053412301990429
0.2554448343738025,0.3380760897843521,0.612582686792964,0.4549481447578744
0.7863233305900481,0.9766883595091163,0.9550558938097324,0.3544636082443249
0.30136822945118436,0.48321136183233604,0.05620586685677287,0.808793274668354
0.6123939228251394,0.4489846558338182,0.2960472735534846,0.4659317764374935
0.3466082702970412,0.7192149645434657,0.5814771549920781,0.9643426010419935
0.007018439899636131,0.42434527255555554,0.10904608156282469,0.3049444938589585
0.321504589847623,0.6894465664214757,0.4014073614021654,0.7375229098697921
0.4208126866424483,0.4297759447188053,0.15007741360511495,0.6230935838868763
0.864789765726602,0.0996263946883219,0.23341593878045286,0.8320652055562122
0.291227746935664,0.910686074678831,0.9560139823413161,0.6324546762702535
0.6701043220115421,0.7409980375052929,0.003200057352107155,0.868886805263588
0.2605903901181247,0.5696796699623273,0.39801766875969513,0.004021729029311416
0.6731384853321172,0.14717275460790524,0.6575751986229146,0.9055432573763097
0.41632996768597885,0.5788788186805345,0.024593346323744214,0.9455900265884383
0.8302008768800824,0.8577918324444126,0.7435650311014435,0.6655662984237681
0.09237906317730848,0.5486517196596029,0.5880321205697551,0.6783475626042547
0.32607726425683226,0.9146912808356025,0.31569562209622304,0.678412152088675
0.988031542705524,0.5163011260130719,0.19576861102015364,0.04381318175877491
0.45236704012367845,0.9702453353358641,0.2587306171614623,0.71470611876329
0.5497622789103377,0.39163027017876395,0.5400639269963513,0.01802231910159635
0.8827557433331992,0.5814922904212712,0.1297331471627633,0.9058338654687186
0.39842445815264005,0.6511840223939839,0.8034642188392696,0.6499217828204676
0.8515320584874031,0.47271076602320417,0.7847694236732939,0.6328513349570445
0.024700636495350925,0.960567357546223,0.9099090326224886,0.09083222549004077
0.940313068872728,0.010268578600527434,0.6524138035059601,0.4581396177075371
0.08643378545208436,0.24755087552704513,0.9990611773160935,0.9992869347623546
0.14592889024741595,0.3520116544757804,0.620317112078551,0.9414341934984239
0.04072283261416754,0.5434820628001558,0.8122188803797978,0.027423030563209716
0.14537879572258217,0.42694396911670074,0.46794451072410637,0.9028870994914282
0.4539530539286598,0.4035279641077145,0.1744018120040941,0.24366556271335493
0.17592801472066777,0.6221711501227064,0.7791484587565002,0.2530845715819239
0.6340539716920955,0.5467489940909624,0.14828456030666304,0.5651044650411148
0.2706235895300001,0.5766107473456966,0.44998200241868813,0.9900927467952071
0.8098265033500927,0.8475264259106281,0.7632101731342498,0.47436662980906885
0.0924221611887952,0.8073980909423683,0.2071456343795608,0.7338868662014699
0.26745184951392287,0.6124020552893364,0.4331534848167148,0.6316960064983071
0.3588813417028084,0.7523927665371941,0.7753706142659914,0.015543240910943279
0.47707458546388126,0.524493941772935,0.4389205195350835,0.953705745339931
0.41987789122566277,0.22749252047925472,0.018086759743233927,0.41156705640815816
0.5177795540496114,0.5949899522429064,0.21729269072691115,0.7833084800793967
0.7796562312926467,0.6432057944988039,0.9062722762736589,0.8074093775223325
0.7689755378656808,0.7168910335563596,0.6701955556687554,0.08675942404442805
0.738228002530864,0.566547148314516,0.29021580645496126,0.5830822801521081
0.22993174123862603,0.03717616365727405,0.4493479384139554,0.9159093704801662
0.06260320312594247,0.08637405434592405,0.10845635604728632,0.44432097557855565
0.7032432474127382,0.1702804243105912,0.3082458679414001,0.44756875177467337
0.26966434639758574,0.8156312000178154,0.6762377169713041,0.7192145881004846
0.8973124143689322,0.7819939304429783,0.45759082817080654,0.8970860644084395
0.9584436131222541,0.0902238330443832,0.01135175570620317,0.050042292817901624
0.16615970913403277,0.5755627777055016,0.3269804548934212,0.23591894747619724
0.8190862024641535,0.5898251160768427,0.9246138422025795,0.5112000936929427
0.11967203475043109,0.2960169127707989,0.7349020213028014,0.3105364161360399
0.29986548708419625,0.8722679865452136,0.7586218914661776,0.6416040582224403
0.0206240753440996,0.6501713301612417,0.4158139362404646,0.5006135352272988
0.5618989453927101,0.5129584508271061,0.921449791428034,0.002876935412193249
0.06822074371494369,0.8138488964884356,0.6453301020787942,0.9094743532448677
0.6436724904985368,0.6669328803006044,0.6055270177874735,0.04013514369299287
0.23560185449335147,0.034066057281390894,0.607015536610911,0.07271405146912213
0.10156440419944224,0.4470005385013849,0.7248022742846442,0.28806364951822305
0.5854385609629199,0.8897140740539243,0.8479938284825275,0.7398125448351287
0.07741166110972941,0.2825904243418875,0.0031127829559740583,0.8061731699405114
0.06876540045825308,0.9644915307897559,0.19020351422778636,0.5770403748529519
0.06901545787107988,0.4814742157118862,0.12004033514999313,0.37405270080406083
0.39722028466930903,0.2288065512518861,0.00161332037726436,0.06381560669617536
0.5644194136918808,0.045096115040211604,0.1434075839418234,0.7952161725521383
0.38304131709922395,0.3991236358559491,0.7588358207034304,0.42866751215137244
0.5630752035697024,0.38144111389161806,0.9436643047646537,0.2543295770085555
0.6431355178698631,0.26607844529852054,0.20280171356219479,0.05986626997176203
0.248005299772597,0.7863637971331522,0.543315996885972,0.9243282056850276
0.9565103994989811,0.6327578592623287,0.8297837618549506,0.12814905993299297
0.1618265955879088,0.9438111401619649,0.26684345897253414,0.9905794725394134
0.25146486819159186,0.7462204583834092,0.9513492440412558,0.015085605568706528
0.5412991970357216,0.9812399482074153,0.43036219539058873,0.2537536175040722
0.7260651158860246,0.748847182180615,0.3677346020612675,0.7570057557110803
0.08266365958204491,0.4623351519108627,0.41928545534334416,0.46729642964986773
0.677395385320428,0.7613903496530853,0.0591475345526018,0.7131291453030781
0.8446474470939171,0.2276986220133128,0.394718657654584,0.09053770494791236
0.6869030330123617,0.9294442677575474,0.4973753010008428,0.9864641812065497
0.6775575830730375,0.7042198018987259,0.3304956264258371,0.3379974529527323
0.20578758132924868,0.6120565403443049,0.5827411073002919,0.9566512848113375
0.1019122541374794,0.4664550820600669,0.25925743671321666,0.05519512677448257
0.039803886815365064,0.30407883332883867,0.09675736052186457,0.6904583157701382
0.4439583146484245,0.6970370744440457,0.8768492221424901,0.080447507360914
0.3379838371193775,0.7829249614298368,0.5727652433897751,0.7372626862653543
0.48812191123945914,0.21323441719544478,0.8210168851108064,0.7602717745384507
0.33799490074177285,0.2417014487813416,0.7284357825448019,0.7516735997427734
0.5199211155900604,0.12405482087750042,0.5976323635870278,0.9963999574303576
0.5807956954417924,0.26368431891921673,0.4153496477127736,0.734395033846588
0.8093646654811073,0.5505256686989779,0.8216552207885859,0.04831721546000345
0.5864697400641125,0.3979337322724795,0.24934519021196733,0.41593847950813256
0.5696602281659008,0.5556907100443853,0.4770561921642795,0.8350593019742943
0.9469075257630003,0.9521808787684347,0.7913742804342911,0.2822531057956065
0.24477472146829615,0.8794675029025528,0.24832994015897858,0.8430731374832819
0.9232606857663072,0.6675678530542171,0.13451985766969898,0.5608179000345446
0.2931899310965246,0.6493745448095086,0.7915383162367287,0.7984414094574387
0.5548733978689098,0.45998323145981834,0.4501063631463801,0.7513440411674616
0.8986459730416341,0.504036444649068,0.5023141427319836,0.5543953328799746
0.1535977479541366,0.8743314339563326,0.1960367192119402,0.2647189807078184
0.8416165735221556,0.25262293324066254,0.25502417686815526,0.47935818046874723
0.8319736695540063,0.19874923680341672,0.9455922799394844,0.5071197812915301
0.7259491711960516,0.42588060335014033,0.30164598119503006,0.6752391149097666
0.34305306149255277,0.2272985003089144,0.5837424040710272,0.4007602563982212
0.780304561980814,0.42742267146198076,0.7401820036704885,0.19725938981147462
0.0013315717449466913,0.4733962886494838,0.941330167809419,0.02615950956007984
0.8355689391683575,0.40527190825265424,0.7650567737008943,0.8358570267155745
0.941572667668992,0.32555847709828134,0.9493850332169131,0.7775730832053092
0.9392528879659502,0.8866993221875651,0.35524596416390897,0.9515814178895247
0.7701476834952329,0.2020622742339746,0.16236980219946928,0.5332850597629711
0.853141433586559,0.7937012934101061,0.4245976105436927,0.7343823032748412
0.7972981819687105,0.5243361387008596,0.2823939010725016,0.9722341836705097
0.3445688683961212,0.22165842555964843,0.8881354521810532,0.8175465144315699
0.8970876988043934,0.5703018550794445,0.1903082336672688,0.39556365585572006
0.7890936166700727,0.6934735938529241,0.1868004455464537,0.8365138367571503
0.2636636187214818,0.24155695000020316,0.23002938772319026,0.7666914718902572
0.14372830286237348,0.9137487155297468,0.7704822408826727,0.9903130243306079
0.9725874039748068,0.6734404802725289,0.6301125529883825,0.3504373082490587
0.6835263728313926,0.8929476277043296,0.6488395178344976,0.014811608092571538
0.9455378267191713,0.08380030955717144,0.5358293065368348,0.9530324679270115
0.64338324546758,0.3266224244207978,0.02256391188080986,0.2683884219693461
0.595226656500896,0.9671389989913508,0.7485661194792862,0.3421877509294666
0.5623281036594483,0.04806434690149053,0.4238473312704475,0.4671078548839379
0.6219521868013473,0.5425494965310698,0.4610017815407811,0.19905007951663478
0.4160857875630445,0.07005363456368496,0.06284896499994319,0.4300897999533635
0.27491317843957885,0.3612322382589739,0.7727023531899861,0.7400796457199996
0.5681065907051964,0.015014808974121663,0.16599725947989175,0.06546406986445807
0.9839041394306188,0.9731785858140294,0.4390769691799614,0.13463988562173268
0.784181818341464,0.15303238426452948,0.054780140597778026,0.3504521247573035
0.9651336134747275,0.1572959128839152,0.1215103999138929,0.4893781288753405
0.41091342530590713,0.20641940848349383,0.6059572236070465,0.4753140597333786
0.4147963550667739,0.9357967385238973,0.31862430878437986,0.9311778087548588
0.39207861211536843,0.2972135941643932,0.395619148845225,0.46251609051581444
0.5088686468857105,0.13190273647726802,0.1377440751575718,0.2482998030092729
0.6908400869241655,0.31235765794508497,0.3463331851511977,0.6010387218949806
0.7833618106664717,0.6648042966459863,0.9258940248492914,0.7139690080604622
0.5307714001849986,0.8704865578042084,0.44855322544069476,0.0906762949529557
0.657449461602115,0.092324346472757,0.47504909792151273,0.6779293377772464
0.055341071859073665,0.7517436184524535,0.7012949593940577,0.2859149342566428
0.15060077778651537,0.2539791234572897,0.7250465404406979,0.31445606161293627
0.4148739281610623,0.09563513966782966,0.5212189354056321,0.3409482251090834
0.8651906924819185,0.14782619579461365,0.976456346358939,0.6194540742159119
0.5642364589681838,0.3255692290238198,0.4192150965058269,0.6983927420479361
0.5346827341404015,0.775450892611932,0.7790326450911631,0.24667254300950336
0.41138111358703444,0.5522578024030241,0.6066773804705718,0.80704669928763
0.1937121241743035,0.7526422094142586,0.19886961516496893,0.4991051301756404
0.6412383533396306,0.3614095770214987,0.982449084742586,0.20045661504560508
0.020768892006058692,0.38726030805772593,0.7762382752549265,0.6703962710569377
0.846196361673356,0.37779620385983137,0.530447161946528,0.7699365232019372
0.24786665250013373,0.6076351137070916,0.6082948640942778,0.8635897423560226
0.13301459682245997,0.6444661112591135,0.5203515527322955,0.4359533438297917
0.352026685752714,0.3297137454899042,0.11258286809185158,0.9837230471571482
0.7509720320894611,0.7763595046059795,0.7658699494972452,0.6634307777607223
0.39999162392016163,0.39310535284563874,0.6408824978648661,0.4217266794078284
0.32570573915776624,0.8935686002305083,0.8580171787411536,0.3860182627773483
0.23660608887443468,0.8668014877031592,0.7527947414305506,0.160627964277957
0.9310990069650468,0.6216109079280537,0.07938918198422174,0.921685383047572
0.531130274593485,0.7381637405594996,0.6014561630827903,0.45096492686736234
0.8208745467109327,0.38063403868233725,0.9291281226974282,0.8620764813315926
0.4900448226450589,0.29017820278393935,0.32767661871764386,0.42734707453079723
0.2566531726156086,0.16417944761437453,0.6123974996103462,0.17605281073632473
0.7539139435398218,0.7283515127559163,0.24266971984247254,0.9870440947765466
0.13950596666478543,0.04892072112185908,0.5249181654934914,0.8709054386039852
0.5535998926941552,0.16362744990477673,0.6892786939244797,0.11715805002700841
0.3601605677595243,0.49874424585604993,0.9599466653630877,0.8908178596686802
0.9135254485966444,0.04747201804693202,0.4780494713261825,0.202276373406154
0.5982503287129329,0.6843105765962532,0.9553337424521678,0.7132922245799339
0.19613710216899582,0.7358868429417785,0.33301080296245356,0.2753862248909197
0.7968748847121307,0.6012899599161798,0.651628072429577,0.13397856893605753
0.5157857909731242,0.21835987760925224,0.0595266947745966,0.9732165085074936
0.8220070498062189,0.3336594754207396,0.39920882959857473,0.3996048431944492
0.5423222980549761,0.9256389967452244,0.12629909561003438,0.3511916947314714
0.9048507692138456,0.42953003708182214,0.850605335350507,0.6358494346695
0.7926138759341267,0.4574506400913634,0.046739166789935394,0.7997367068287774
0.29081171878748724,0.41098728487982905,0.5306305825777426,0.8516955778562116
0.5470803802566974,0.4380048559701748,0.4945788740544409,0.1360304203645094
0.0594382910385679,0.9016806503997863,0.8980386852332165,0.0921057323560216
0.6082578294626184,0.09603210626838588,0.2737482974200586,0.7346208916183047
0.31673017828364536,0.734173152406808,0.47748468028957536,0.8427192782367229
0.9464856041373582,0.09822391225601745,0.4586671347175957,0.8597879763505225
0.5752365661548349,0.7183602117437623,0.25494481986516304,0.3300207220257677
0.08287357964280728,0.6525505084444421,0.588868254869738,0.2646480881613169
0.16886291227010508,0.6947996554734756,0.3875171144231452,0.010336356995779505
0.15661242452753577,0.6321139732830326,0.8910098634274113,0.4334593536655553
0.36643730436553934,0.6770775556176476,0.8901531048124285,0.845226318070822
0.2661835460433498,0.9351929832792945,0.7316971466642382,0.678132289739922
0.647143272911781,0.8454571037936724,0.20510492855366258,0.8865425023344712
0.04232065012424879,0.9649950696512242,0.7101616635535888,0.8526744147360455
0.16529716081636325,0.04446867334125004,0.29009339335427853,0.2924087524026928
0.29147501379224183,0.17649384220721986,0.19343625695910227,0.25161992332829974
0.1275725163887761,0.39208981253213715,0.33918637817301733,0.8984078957314012
0.1289973145356339,0.9820990123822104,0.4748353936841925,0.9026340268768069
0.2629282386889742,0.7302851825864661,0.551478125647267,0.802516939705364
0.6571193965232727,0.06601617434072504,0.09762059334460771,0.2703675694993194
0.987195415461257,0.07004907040455777,0.7038688657140337,0.39854668772143587
0.4427408476061062,0.3757996464051516,0.789615661033745,0.9802200171199242
0.357912724442221,0.71787873930968,0.9438300791218666,0.4935717441646238
0.2221200097024425,0.6433228292666666,0.524008548759435,0.8689358451136653
0.5187151090950316,0.992210613004945,0.8749589359441231,0.20163037705563602
0.9152864370356276,0.46277017553649935,0.7675807774444928,0.6696930729793709
0.60188500608017,0.9587060576055244,0.7600321795432297,0.5158818005693393
0.82209879097825,0.6476467643689082,0.2807227016741167,0.8058070247048015
0.9594812001565608,0.03254530390235799,0.13773148194826068,0.541115415976839
0.012425092085352363,0.3290702459130438,0.27747334325935735,0.35070393494503527
0.4043486157293097,0.06407353982348019,0.7600608118394013,0.9730420550827902
0.9411850929255134,0.5037285835719721,0.31001994138916367,0.45885541827919596
0.7644922513634876,0.963925088449807,0.27742663618430885,0.7565933768393086
0.7152358115132176,0.39046869566357134,0.08738289156035484,0.4395152228780178
0.5325435571083742,0.620216683890682,0.1596241416282812,0.9888957282149429
0.304431164298139,0.1751562002047754,0.2661997811556439,0.42224708234009944
0.44686341017477593,0.5450577192518506,0.3840807135601967,0.425599036618844
0.09541676019403733,0.9066116993808878,0.7886494441630328,0.9547296383836903
0.4490969968800669,0.91935974704999,0.8660793810957859,0.44108616105904275
0.282795375291498,0.75945199686617,0.5475593123373979,0.033587734097251354
0.8777550924799041,0.6481380738030076,0.6563077220425442,0.9108441523849413
0.5312454934402336,0.2759113888604716,0.5928918928781229,0.16681072462966817
0.7100463404410193,0.6350415853575795,0.1502173730531804,0.604048339684419
0.9222957873799001,0.4418219863415028,0.17488655553233823,0.5388536161364282
0.7485131189370899,0.6853334808573966,0.6837447060855281,0.8879424862963937
0.08904205140091037,0.9656535969461248,0.8916976533168692,0.7647566859213816
0.43011953915731227,0.8727895806205651,0.717439591752346,0.8196199256146356
0.6489982723477163,0.4899271371884705,0.3050655257477569,0.5703650982877553
0.13601980036538264,0.18553015079329482,0.17173740321147457,0.5403230925136072
0.4426265332636342,0.7566799510638099,0.4813187814247929,0.9022294826261156
0.32050533802459025,0.4475260249912749,0.6232183379823074,0.19078822395294914
0.03343546415506771,0.5669663139011668,0.9876143300353016,0.4859885623640001
0.866573927444057,0.812262838115125,0.45514285801616994,0.19755573894192802
0.32409901160160204,0.6715449451120673,0.44675481494378966,0.8152419523556355
0.28012023372800054,0.3462651400471515,0.44936034557580995,0.7292841510590261
0.7801036364844978,0.6698478049754455,0.6411199162564019,0.3708147992163948
0.8504888874796194,0.04553254837269827,0.8500578244212543,0.2922277682620802
0.2503349487365085,0.5459518926874566,0.48505407609872886,0.22280151732982756
0.7414442051243495,0.5643822314839886,0.5521954194928645,0.606564249109701
0.6384817926225693,0.19543429595880857,0.22929844090756246,0.048272733051805794
0.1246497023674984,0.8064791038523602,0.9267510182864019,0.49684222392576505
0.12133613329632187,0.7926364713526337,0.8131298400273461,0.12694995485033722
0.5070144103420935,0.06496346542364861,0.7729923561073262,0.9269924792292873
0.4130057612101343,0.41879256071344373,0.5466742150409581,0.7034056084845839
0.014947838123182344,0.06137571004698883,0.9142043597806268,0.7972266591880509
0.15886495555238023,0.44664026258866196,0.00976308693110528,0.5872371567411261
0.66195662965786,0.1422175555762365,0.7598114270309131,0.11239045362874589
0.3224519139292634,0.7051920146289768,0.5177617944107974,0.8378232554930071
0.6479895953947495,0.8766026428528061,0.150554260195232,0.1559934906518724
0.9167783574225811,0.21515164514126361,0.8177117835790816,0.39749467478717715
0.9010754255634559,0.6141495229390397,0.0404569198679946,0.7263538463420863
0.8584065872117688,0.502147279437734,0.9303772802219004,0.7097056830504841
0.8472992393130696,0.7788982046161381,0.46701148856523766,0.5447821619837104
0.5278458049262482,0.3690555868078448,0.20623795733159933,0.7116404175466764
0.40741858630684213,0.13300765270621762,0.2659632818228943,0.08578436653250032
0.6764252989040743,0.004392944603887394,0.7971899575441045,0.5164966436166916
0.0256936301018571,0.2582899174367258,0.22086908038009734,0.7915411147342535
0.8797903192542438,0.8533298922441345,0.8051561573918307,0.2651043699245976
0.9053930123314603,0.2044979943785611,0.13760310319511082,0.8416483914402939
0.40014702122037216,0.6082315063512093,0.0619075507999447,0.819278963176442
0.7040730157846086,0.9625439022687146,0.39357176195104404,0.05237941187003203
0.6041163759693191,0.7507835524847594,0.10269783594088411,0.10037362159730812
0.49486902414984757,0.22980997892413868,0.9102486915876464,0.866678767168153
0.2688861249846016,0.3026849981081646,0.44379479233827646,0.33910472579282047
0.8249715266263069,0.819228486514788,0.9416209457048712,0.17555452292813745
0.7137573451957437,0.9877005563795274,0.16008625802540466,0.8213524932248945
0.8651451368526978,0.7837447389885717,0.9091300792167363,0.8035640529264721
0.43944585493775146,0.6377144666214154,0.9299934602057008,0.6695080176815575
0.38287532689840076,0.9377173330967288,0.6551437991735214,0.7052901365236335
0.9881934472409669,0.852590882049194,0.9309010916204068,0.9043736373926601
0.26469780696561684,0.15876243902407494,0.20680136850219066,0.924614526913161
